{
  "engine_medium_01": {
    "p": [
      0.0,
      0.0028569791465997696,
      15.907668113708496
    ],
    "q": [
      0.0,
      0.0,
      0.0,
      1.0
    ]
  },
  "engine_medium_02": {
    "p": [
      0.0,
      1.161541223526001,
      15.907668113708496
    ],
    "q": [
      0.0,
      0.0,
      0.0,
      1.0
    ]
  },
  "engine_medium_03": {
    "p": [
      0.0,
      -1.1006518602371216,
      15.907668113708496
    ],
    "q": [
      0.0,
      0.0,
      0.0,
      1.0
    ]
  },
  "explosion_locator1": {
    "p": [
      1.1558946371078491,
      0.22441911697387695,
      -12.846939086914062
    ],
    "q": [
      0.0,
      0.0,
      0.0,
      1.0
    ]
  },
  "explosion_locator2": {
    "p": [
      0.36849892139434814,
      4.03896951675415,
      7.7709760665893555
    ],
    "q": [
      0.0,
      0.0,
      0.0,
      1.0
    ]
  },
  "explosion_locator3": {
    "p": [
      -8.696546561766209e-16,
      -3.916576385498047,
      11.9988431930542
    ],
    "q": [
      0.0,
      0.0,
      0.0,
      1.0
    ]
  },
  "explosion_locator4": {
    "p": [
      7.405652997678487e-16,
      3.335209608078003,
      20.964130401611328
    ],
    "q": [
      0.0,
      0.0,
      0.0,
      1.0
    ]
  },
  "explosion_locator5": {
    "p": [
      -1.9508322477340698,
      0.43004417419433594,
      1.1630878448486328
    ],
    "q": [
      0.0,
      0.0,
      0.0,
      1.0
    ]
  },
  "large_gun_01": {
    "p": [
      0.5038252472877502,
      1.4313420057296753,
      -19.79609489440918
    ],
    "q": [
      0.0,
      0.0,
      0.0,
      1.0
    ]
  },
  "large_gun_02": {
    "p": [
      0.3501158654689789,
      -0.7968296408653259,
      -19.79609489440918
    ],
    "q": [
      0.0,
      0.0,
      0.0,
      1.0
    ]
  },
  "large_gun_03": {
    "p": [
      -0.4782070517539978,
      1.4460980892181396,
      -19.79609489440918
    ],
    "q": [
      0.0,
      0.0,
      0.0,
      1.0
    ]
  },
  "large_gun_04": {
    "p": [
      -0.5123646855354309,
      -0.7820734977722168,
      -19.79609489440918
    ],
    "q": [
      0.0,
      0.0,
      0.0,
      1.0
    ]
  },
  "medium_gun_01": {
    "p": [
      0.5038252472877502,
      1.4313420057296753,
      -19.79609489440918
    ],
    "q": [
      0.0,
      0.0,
      0.0,
      1.0
    ]
  },
  "medium_gun_02": {
    "p": [
      0.3501158654689789,
      -0.7968296408653259,
      -19.79609489440918
    ],
    "q": [
      0.0,
      0.0,
      0.0,
      1.0
    ]
  },
  "medium_gun_03": {
    "p": [
      -0.4782070517539978,
      1.4460980892181396,
      -19.79609489440918
    ],
    "q": [
      0.0,
      0.0,
      0.0,
      1.0
    ]
  },
  "medium_gun_04": {
    "p": [
      -0.5123646855354309,
      -0.7820734977722168,
      -19.79609489440918
    ],
    "q": [
      0.0,
      0.0,
      0.0,
      1.0
    ]
  },
  "part1_locator": {
    "p": [
      4.47035120032524e-08,
      2.6926462650299072,
      -17.712060928344727
    ],
    "q": [
      2.9802322387695312e-08,
      -1.0,
      2.953012319265383e-14,
      7.549790126404332e-08
    ]
  },
  "part2_back_locator": {
    "p": [
      4.470345871254722e-08,
      3.4576027393341064,
      12.48841381072998
    ],
    "q": [
      2.9802322387695312e-08,
      -1.0,
      1.1084122799421637e-15,
      7.549790126404332e-08
    ]
  },
  "part2_front_locator": {
    "p": [
      4.470351555596608e-08,
      2.753842830657959,
      -4.677206039428711
    ],
    "q": [
      -3.358425073007572e-15,
      -6.86252276640482e-16,
      2.9802322387695312e-08,
      1.0
    ]
  },
  "part3_locator": {
    "p": [
      4.470345871254722e-08,
      2.5396549701690674,
      18.546871185302734
    ],
    "q": [
      -3.1780140856158684e-14,
      -6.862537589481397e-16,
      2.9802322387695312e-08,
      1.0
    ]
  },
  "small_gun_01": {
    "p": [
      0.5038252472877502,
      1.4313420057296753,
      -19.79609489440918
    ],
    "q": [
      0.0,
      0.0,
      0.0,
      1.0
    ]
  },
  "small_gun_02": {
    "p": [
      0.3501158654689789,
      -0.7968296408653259,
      -19.79609489440918
    ],
    "q": [
      0.0,
      0.0,
      0.0,
      1.0
    ]
  },
  "small_gun_03": {
    "p": [
      -0.4782070517539978,
      1.4460980892181396,
      -19.79609489440918
    ],
    "q": [
      0.0,
      0.0,
      0.0,
      1.0
    ]
  },
  "small_gun_04": {
    "p": [
      -0.5123646855354309,
      -0.7820734977722168,
      -19.79609489440918
    ],
    "q": [
      0.0,
      0.0,
      0.0,
      1.0
    ]
  },
  "strike_craft_locator_01": {
    "p": [
      1.0672224760055542,
      1.9073486328125e-06,
      -5.669243812561035
    ],
    "q": [
      0.0,
      0.0,
      0.0,
      1.0
    ]
  },
  "strike_craft_locator_02": {
    "p": [
      -1.1058156490325928,
      1.9073486328125e-06,
      -5.669243812561035
    ],
    "q": [
      0.0,
      0.0,
      0.0,
      1.0
    ]
  },
  "xl_gun_01": {
    "p": [
      0.5038252472877502,
      1.4313420057296753,
      -19.79609489440918
    ],
    "q": [
      0.0,
      0.0,
      0.0,
      1.0
    ]
  },
  "xl_gun_02": {
    "p": [
      0.3501158654689789,
      -0.7968296408653259,
      -19.79609489440918
    ],
    "q": [
      0.0,
      0.0,
      0.0,
      1.0
    ]
  },
  "xl_gun_03": {
    "p": [
      -0.4782070517539978,
      1.4460980892181396,
      -19.79609489440918
    ],
    "q": [
      0.0,
      0.0,
      0.0,
      1.0
    ]
  },
  "xl_gun_04": {
    "p": [
      -0.5123646855354309,
      -0.7820734977722168,
      -19.79609489440918
    ],
    "q": [
      0.0,
      0.0,
      0.0,
      1.0
    ]
  }
}