{
  "0_Empty": {
    "p": [
      0.0,
      0.0,
      -5401629.0
    ],
    "q": [
      0.0,
      0.0,
      0.0,
      1.0
    ]
  },
  "engine_medium_01": {
    "p": [
      2.85316575920902e-10,
      -15509.248046875,
      12621285.0
    ],
    "q": [
      4.750302906586512e-08,
      4.750300064415569e-08,
      0.7071065306663513,
      0.7071070075035095
    ]
  },
  "engine_medium_02": {
    "p": [
      0.0,
      -15509.248046875,
      14017891.0
    ],
    "q": [
      4.750302906586512e-08,
      4.750300064415569e-08,
      0.7071065306663513,
      0.7071070075035095
    ]
  },
  "engine_medium_03": {
    "p": [
      0.0,
      -15509.248046875,
      13567066.0
    ],
    "q": [
      4.750302906586512e-08,
      4.750300064415569e-08,
      0.7071065306663513,
      0.7071070075035095
    ]
  },
  "explosion_locator1": {
    "p": [
      2.309492042051886e-10,
      1040102.75,
      661864.5
    ],
    "q": [
      0.0,
      0.0,
      0.0,
      1.0
    ]
  },
  "explosion_locator2": {
    "p": [
      1847403.0,
      1260538.875,
      12102688.0
    ],
    "q": [
      0.0,
      0.0,
      0.0,
      1.0
    ]
  },
  "explosion_locator3": {
    "p": [
      -2.1160119489938012e-10,
      -952967.0625,
      14374158.0
    ],
    "q": [
      0.0,
      0.0,
      0.0,
      1.0
    ]
  },
  "explosion_locator4": {
    "p": [
      1580207.5,
      -26096.27734375,
      16078578.0
    ],
    "q": [
      0.0,
      0.0,
      0.0,
      1.0
    ]
  },
  "explosion_locator5": {
    "p": [
      -1039780.0,
      1315409.75,
      6284271.0
    ],
    "q": [
      0.0,
      0.0,
      0.0,
      1.0
    ]
  },
  "large_gun_01": {
    "p": [
      164920.328125,
      361781.0,
      -2311144.0
    ],
    "q": [
      0.0,
      0.0,
      0.0,
      1.0
    ]
  },
  "large_gun_02": {
    "p": [
      164920.328125,
      -216114.21875,
      -2311144.0
    ],
    "q": [
      0.0,
      0.0,
      0.0,
      1.0
    ]
  },
  "large_gun_03": {
    "p": [
      -168863.953125,
      376537.09375,
      -2309804.0
    ],
    "q": [
      0.0,
      0.0,
      0.0,
      1.0
    ]
  },
  "large_gun_04": {
    "p": [
      -168863.953125,
      -201358.140625,
      -2309804.0
    ],
    "q": [
      0.0,
      0.0,
      0.0,
      1.0
    ]
  },
  "medium_gun_01": {
    "p": [
      164920.328125,
      361781.0,
      -2311144.0
    ],
    "q": [
      0.0,
      0.0,
      0.0,
      1.0
    ]
  },
  "medium_gun_02": {
    "p": [
      164920.328125,
      -216114.21875,
      -2311144.0
    ],
    "q": [
      0.0,
      0.0,
      0.0,
      1.0
    ]
  },
  "medium_gun_03": {
    "p": [
      -168863.953125,
      376537.09375,
      -2309804.0
    ],
    "q": [
      0.0,
      0.0,
      0.0,
      1.0
    ]
  },
  "medium_gun_04": {
    "p": [
      -168863.953125,
      -201358.140625,
      -2309804.0
    ],
    "q": [
      0.0,
      0.0,
      0.0,
      1.0
    ]
  },
  "part1_locator": {
    "p": [
      0.04470342397689819,
      1237530.375,
      -1723410.5
    ],
    "q": [
      2.9802322387695312e-08,
      -1.0,
      2.953012319265383e-14,
      7.549790126404332e-08
    ]
  },
  "part2_back_locator": {
    "p": [
      0.044703368097543716,
      841757.0625,
      15090326.0
    ],
    "q": [
      2.9802322387695312e-08,
      -1.0,
      1.1084122799421637e-15,
      7.549790126404332e-08
    ]
  },
  "part2_front_locator": {
    "p": [
      0.044703517109155655,
      1206501.25,
      687862.5
    ],
    "q": [
      -3.358425073007572e-15,
      -6.86252276640482e-16,
      2.9802322387695312e-08,
      1.0
    ]
  },
  "part3_locator": {
    "p": [
      0.04470345750451088,
      1258381.5,
      13717046.0
    ],
    "q": [
      -3.1780140856158684e-14,
      -6.862537589481397e-16,
      2.9802322387695312e-08,
      1.0
    ]
  },
  "small_gun_01": {
    "p": [
      164920.328125,
      361781.0,
      -2311144.0
    ],
    "q": [
      0.0,
      0.0,
      0.0,
      1.0
    ]
  },
  "small_gun_02": {
    "p": [
      164920.328125,
      -216114.21875,
      -2311144.0
    ],
    "q": [
      0.0,
      0.0,
      0.0,
      1.0
    ]
  },
  "small_gun_03": {
    "p": [
      -168863.953125,
      376537.09375,
      -2309804.0
    ],
    "q": [
      0.0,
      0.0,
      0.0,
      1.0
    ]
  },
  "small_gun_04": {
    "p": [
      -168863.953125,
      -201358.140625,
      -2309804.0
    ],
    "q": [
      0.0,
      0.0,
      0.0,
      1.0
    ]
  },
  "strike_craft_locator_01": {
    "p": [
      1067222.5,
      -1526845.0,
      8659558.0
    ],
    "q": [
      0.0,
      0.0,
      0.0,
      1.0
    ]
  },
  "strike_craft_locator_02": {
    "p": [
      -1105815.625,
      -1526845.0,
      8659558.0
    ],
    "q": [
      0.0,
      0.0,
      0.0,
      1.0
    ]
  },
  "xl_gun_01": {
    "p": [
      164920.328125,
      361781.0,
      -2311144.0
    ],
    "q": [
      0.0,
      0.0,
      0.0,
      1.0
    ]
  },
  "xl_gun_02": {
    "p": [
      164920.328125,
      -216114.21875,
      -2311144.0
    ],
    "q": [
      0.0,
      0.0,
      0.0,
      1.0
    ]
  },
  "xl_gun_03": {
    "p": [
      -168863.953125,
      376537.09375,
      -2309804.0
    ],
    "q": [
      0.0,
      0.0,
      0.0,
      1.0
    ]
  },
  "xl_gun_04": {
    "p": [
      -168863.953125,
      -201358.140625,
      -2309804.0
    ],
    "q": [
      0.0,
      0.0,
      0.0,
      1.0
    ]
  },
  "exhaust": {
    "p": [
      9.033760051124773e-08,
      -48417.08984375,
      17186736.0
    ],
    "q": [
      0.0,
      1.0,
      0.0,
      7.549790126404332e-08
    ]
  }
}