{
  "part1_locator": {
    "p": [
      0.0,
      0.0,
      0.0
    ],
    "q": [
      0.0,
      1.0,
      0.0,
      1.9470718370939721e-07
    ],
    "pa": [
      "part1"
    ]
  },
  "part2_locator": {
    "p": [
      0.0,
      -0.28823843598365784,
      0.09041094779968262
    ],
    "q": [
      -0.188297837972641,
      0.0,
      0.0,
      0.9821119904518127
    ],
    "pa": [
      "part2"
    ]
  },
  "part2_local_explosion_locator": {
    "p": [
      -1.086455225944519,
      1.5204758644104004,
      3.6642909049987793
    ],
    "q": [
      0.6400078535079956,
      0.3582179844379425,
      0.06650342792272568,
      0.6764962077140808
    ],
    "pa": [
      "part2"
    ]
  },
  "part2_local_explosion_locator1": {
    "p": [
      -0.20323991775512695,
      1.641586184501648,
      1.7941079139709473
    ],
    "q": [
      0.6231567859649658,
      -0.0019121264340355992,
      0.1731395423412323,
      0.7626891136169434
    ],
    "pa": [
      "part2"
    ]
  },
  "part2_local_explosion_locator2": {
    "p": [
      1.035873532295227,
      1.4072301387786865,
      3.055955171585083
    ],
    "q": [
      0.4456005394458771,
      -0.4208493232727051,
      -0.017965147271752357,
      0.7899388074874878
    ],
    "pa": [
      "part2"
    ]
  },
  "part2_local_explosion_locator3": {
    "p": [
      1.3563051223754883,
      -0.4060560166835785,
      2.978774309158325
    ],
    "q": [
      0.3505687713623047,
      -0.8038923740386963,
      -0.27565208077430725,
      0.39354100823402405
    ],
    "pa": [
      "part2"
    ]
  },
  "part2_local_explosion_locator4": {
    "p": [
      -1.474379539489746,
      0.16121023893356323,
      3.0323779582977295
    ],
    "q": [
      -0.75521320104599,
      0.0324031300842762,
      -0.6510156393051147,
      0.0691513642668724
    ],
    "pa": [
      "part2"
    ]
  },
  "part2_local_explosion_locator5": {
    "p": [
      -1.2826007604599,
      0.0021072267554700375,
      4.509771347045898
    ],
    "q": [
      -0.816998302936554,
      0.03023735247552395,
      -0.5548223853111267,
      0.15418049693107605
    ],
    "pa": [
      "part2"
    ]
  },
  "part2_local_explosion_locator6": {
    "p": [
      -0.87469482421875,
      1.0662168264389038,
      -0.06005501747131348
    ],
    "q": [
      0.4571135938167572,
      -0.5516895055770874,
      0.5820640921592712,
      0.38456112146377563
    ],
    "pa": [
      "part2"
    ]
  },
  "part2_explosion_locator": {
    "p": [
      -0.08362229913473129,
      -31.684663772583008,
      -24.091753005981445
    ],
    "q": [
      0.0,
      0.0,
      0.0,
      1.0
    ]
  },
  "target_locator_1": {
    "p": [
      0.0,
      0.0,
      -8.766064643859863
    ],
    "q": [
      0.0,
      0.0,
      0.0,
      1.0
    ]
  },
  "target_locator_2": {
    "p": [
      0.0,
      0.0,
      -4.211238861083984
    ],
    "q": [
      0.0,
      0.0,
      0.0,
      1.0
    ]
  },
  "target_locator_3": {
    "p": [
      0.0,
      0.0,
      3.435436964035034
    ],
    "q": [
      0.0,
      0.0,
      0.0,
      1.0
    ]
  },
  "target_locator_0": {
    "p": [
      0.0,
      0.0,
      7.40913200378418
    ],
    "q": [
      0.0,
      0.0,
      0.0,
      1.0
    ]
  }
}