{
  "explosion_locator1": {
    "p": [
      -1.8065783396835735e-17,
      -0.08136105537414551,
      1.105123519897461
    ],
    "q": [
      0.0,
      0.0,
      0.0,
      1.0
    ]
  },
  "explosion_locator2": {
    "p": [
      -1.8563783168792725,
      0.445858359336853,
      -0.11967992782592773
    ],
    "q": [
      0.0,
      0.0,
      0.0,
      1.0
    ]
  },
  "explosion_locator3": {
    "p": [
      -1.5865136213331899e-16,
      -0.714502215385437,
      2.2808895111083984
    ],
    "q": [
      0.0,
      0.0,
      0.0,
      1.0
    ]
  },
  "explosion_locator4": {
    "p": [
      1.5064269304275513,
      -0.12518969178199768,
      -0.5686194896697998
    ],
    "q": [
      0.0,
      0.0,
      0.0,
      1.0
    ]
  },
  "explosion_locator5": {
    "p": [
      -0.7580474615097046,
      1.315409779548645,
      -1.3292925357818604
    ],
    "q": [
      0.0,
      0.0,
      0.0,
      1.0
    ]
  },
  "part1_locator": {
    "p": [
      4.47035120032524e-08,
      0.116066575050354,
      -1.2801513671875
    ],
    "q": [
      -2.9802322387695312e-08,
      1.0,
      -2.953012319265383e-14,
      -7.549790126404332e-08
    ]
  },
  "part2_back_locator": {
    "p": [
      4.470345871254722e-08,
      0.28504085540771484,
      2.0916805267333984
    ],
    "q": [
      -2.9802322387695312e-08,
      1.0,
      -1.1084122799421637e-15,
      -7.549790126404332e-08
    ]
  },
  "part2_front_locator": {
    "p": [
      4.470351555596608e-08,
      0.881866991519928,
      -0.19691944122314453
    ],
    "q": [
      -3.358425073007572e-15,
      -6.86252276640482e-16,
      2.9802322387695312e-08,
      1.0
    ]
  },
  "part3_locator": {
    "p": [
      4.470345871254722e-08,
      0.6063693761825562,
      1.2577338218688965
    ],
    "q": [
      -3.1780140856158684e-14,
      -6.862537589481397e-16,
      2.9802322387695312e-08,
      1.0
    ]
  },
  "strike_craft_locator_01": {
    "p": [
      1.0672224760055542,
      -0.7005032300949097,
      -1.3656196594238281
    ],
    "q": [
      0.0,
      0.0,
      0.0,
      1.0
    ]
  },
  "strike_craft_locator_02": {
    "p": [
      -0.04337632656097412,
      -1.5268449783325195,
      -1.8378148078918457
    ],
    "q": [
      0.0,
      0.0,
      0.0,
      1.0
    ]
  }
}