{
  "light_locator_02": {
    "p": [
      42.904563903808594,
      -1.5137114524841309,
      -19.869226455688477
    ],
    "q": [
      0.0,
      0.0,
      0.0,
      1.0
    ],
    "pa": [
      "left_wing"
    ]
  },
  "strike_craft_locator_02": {
    "p": [
      8.81285285949707,
      0.688532829284668,
      -11.063220024108887
    ],
    "q": [
      0.0,
      0.0,
      0.0,
      1.0
    ],
    "pa": [
      "left_wing"
    ]
  },
  "strike_craft_locator_04": {
    "p": [
      26.787851333618164,
      1.0376596450805664,
      -5.971612930297852
    ],
    "q": [
      0.0,
      0.0,
      0.0,
      1.0
    ],
    "pa": [
      "left_wing"
    ]
  },
  "strike_craft_locator_06": {
    "p": [
      35.668853759765625,
      1.581136703491211,
      -8.040706634521484
    ],
    "q": [
      0.0,
      0.0,
      0.0,
      1.0
    ],
    "pa": [
      "left_wing"
    ]
  },
  "explosion_locator_01": {
    "p": [
      29.60887336730957,
      1.509056568145752,
      3.5018064975738525
    ],
    "q": [
      0.0,
      0.0,
      0.0,
      1.0
    ],
    "pa": [
      "left_wing"
    ]
  },
  "explosion_locator_02": {
    "p": [
      10.546453475952148,
      2.1186909675598145,
      -5.399453639984131
    ],
    "q": [
      0.0,
      0.0,
      0.0,
      1.0
    ],
    "pa": [
      "left_wing"
    ]
  },
  "xl_gun_02": {
    "p": [
      6.187159061431885,
      -0.044651031494140625,
      -7.100529193878174
    ],
    "q": [
      0.0,
      0.0,
      0.0,
      1.0
    ],
    "pa": [
      "root"
    ]
  },
  "xl_gun_01": {
    "p": [
      -6.3802289962768555,
      -0.014052867889404297,
      -7.126780033111572
    ],
    "q": [
      0.0,
      0.0,
      0.0,
      1.0
    ],
    "pa": [
      "root"
    ]
  },
  "gun_1": {
    "p": [
      -3.954428195953369,
      5.730294227600098,
      -1.9657506942749023
    ],
    "q": [
      0.0,
      0.0,
      0.0,
      1.0
    ],
    "pa": [
      "root"
    ]
  },
  "gun_2": {
    "p": [
      3.954428195953369,
      5.730294227600098,
      -1.9657506942749023
    ],
    "q": [
      0.0,
      0.0,
      0.0,
      1.0
    ],
    "pa": [
      "root"
    ]
  },
  "gun_3": {
    "p": [
      -2.981569290161133,
      5.730294227600098,
      2.975796699523926
    ],
    "q": [
      0.0,
      0.0,
      0.0,
      1.0
    ],
    "pa": [
      "root"
    ]
  },
  "gun_4": {
    "p": [
      2.981569290161133,
      5.730294227600098,
      2.975796699523926
    ],
    "q": [
      0.0,
      0.0,
      0.0,
      1.0
    ],
    "pa": [
      "root"
    ]
  },
  "gun_5": {
    "p": [
      9.705217747553864e-16,
      5.730294227600098,
      12.711854934692383
    ],
    "q": [
      0.0,
      0.0,
      0.0,
      1.0
    ],
    "pa": [
      "root"
    ]
  },
  "light_locator_01": {
    "p": [
      -51.190086364746094,
      1.8893699645996094,
      -19.869226455688477
    ],
    "q": [
      0.0,
      0.0,
      0.0,
      1.0
    ],
    "pa": [
      "root"
    ]
  },
  "light_locator_03": {
    "p": [
      -6.030937194824219,
      -14.928726196289062,
      -2.51922607421875
    ],
    "q": [
      0.0,
      0.0,
      0.0,
      1.0
    ],
    "pa": [
      "root"
    ]
  },
  "light_locator_04": {
    "p": [
      6.030937194824219,
      -14.928726196289062,
      -2.51922607421875
    ],
    "q": [
      0.0,
      0.0,
      0.0,
      1.0
    ],
    "pa": [
      "root"
    ]
  },
  "light_locator_05": {
    "p": [
      34.85009765625,
      -8.401546478271484,
      16.25770378112793
    ],
    "q": [
      0.0,
      0.0,
      0.0,
      1.0
    ],
    "pa": [
      "root"
    ]
  },
  "light_locator_06": {
    "p": [
      -34.85009765625,
      -8.373343467712402,
      16.27398681640625
    ],
    "q": [
      0.0,
      0.0,
      0.0,
      1.0
    ],
    "pa": [
      "root"
    ]
  },
  "strike_craft_locator_01": {
    "p": [
      -16.956674575805664,
      3.950230121612549,
      -11.063220024108887
    ],
    "q": [
      0.0,
      0.0,
      0.0,
      1.0
    ],
    "pa": [
      "root"
    ]
  },
  "strike_craft_locator_03": {
    "p": [
      -34.9315071105957,
      4.299356937408447,
      -5.971612930297852
    ],
    "q": [
      0.0,
      0.0,
      0.0,
      1.0
    ],
    "pa": [
      "root"
    ]
  },
  "strike_craft_locator_05": {
    "p": [
      -43.81293869018555,
      4.842833995819092,
      -8.040706634521484
    ],
    "q": [
      0.0,
      0.0,
      0.0,
      1.0
    ],
    "pa": [
      "root"
    ]
  },
  "explosion_locator_03": {
    "p": [
      -41.466888427734375,
      -3.967569351196289,
      -3.510589838027954
    ],
    "q": [
      0.0,
      0.0,
      0.0,
      1.0
    ],
    "pa": [
      "root"
    ]
  },
  "explosion_locator_04": {
    "p": [
      -23.8618221282959,
      -2.4337148666381836,
      10.701681137084961
    ],
    "q": [
      0.0,
      0.0,
      0.0,
      1.0
    ],
    "pa": [
      "root"
    ]
  },
  "explosion_locator_05": {
    "p": [
      -15.043710708618164,
      4.848293781280518,
      3.703749418258667
    ],
    "q": [
      0.0,
      0.0,
      0.0,
      1.0
    ],
    "pa": [
      "root"
    ]
  },
  "explosion_locator_06": {
    "p": [
      -1.543017864227295,
      5.6560564041137695,
      -6.234577178955078
    ],
    "q": [
      0.0,
      0.0,
      0.0,
      1.0
    ],
    "pa": [
      "root"
    ]
  },
  "explosion_locator_07": {
    "p": [
      2.6529078483581543,
      -9.208796501159668,
      -3.4710710048675537
    ],
    "q": [
      0.0,
      0.0,
      0.0,
      1.0
    ],
    "pa": [
      "root"
    ]
  },
  "explosion_locator_08": {
    "p": [
      -1.9608780145645142,
      -2.511198043823242,
      15.600618362426758
    ],
    "q": [
      0.0,
      0.0,
      0.0,
      1.0
    ],
    "pa": [
      "root"
    ]
  },
  "big_explosion_locator": {
    "p": [
      13.332210540771484,
      2.5464253425598145,
      0.0
    ],
    "q": [
      0.0,
      0.0,
      0.0,
      1.0
    ],
    "pa": [
      "root"
    ]
  },
  "engine_large_01": {
    "p": [
      0.0,
      2.2341833114624023,
      17.480436325073242
    ],
    "q": [
      0.70710688829422,
      -0.7071066498756409,
      5.3385068810030134e-08,
      -5.338508657359853e-08
    ],
    "pa": [
      "root"
    ]
  },
  "engine_large_02": {
    "p": [
      8.545463562011719,
      -2.636995553970337,
      17.42873191833496
    ],
    "q": [
      0.0,
      1.0,
      0.0,
      7.549790126404332e-08
    ],
    "pa": [
      "root"
    ]
  },
  "engine_large_03": {
    "p": [
      -8.623099327087402,
      -2.636995553970337,
      17.42873191833496
    ],
    "q": [
      0.0,
      1.0,
      0.0,
      7.549790126404332e-08
    ],
    "pa": [
      "root"
    ]
  },
  "engine_medium_01": {
    "p": [
      -15.656906127929688,
      3.4010212421417236,
      9.43185806274414
    ],
    "q": [
      0.0,
      1.0,
      0.0,
      7.549790126404332e-08
    ],
    "pa": [
      "root"
    ]
  },
  "engine_medium_02": {
    "p": [
      15.564212799072266,
      3.4010212421417236,
      9.43185806274414
    ],
    "q": [
      0.0,
      1.0,
      0.0,
      7.549790126404332e-08
    ],
    "pa": [
      "root"
    ]
  }
}