{
  "0_Empty": {
    "p": [
      0.0,
      0.0,
      0.0
    ],
    "q": [
      0.0,
      0.0,
      0.0,
      1.0
    ],
    "tx": [
      1000000.0,
      0.0,
      0.0,
      0.0,
      0.0,
      1000000.0,
      0.0,
      0.0,
      0.0,
      0.0,
      1000000.0,
      0.0,
      0.0,
      0.0,
      0.0,
      1.0
    ]
  },
  "engine_medium_01": {
    "p": [
      0.0,
      -580323.25,
      18947660.0
    ],
    "q": [
      0.0,
      0.0,
      0.0,
      1.0
    ],
    "tx": [
      1000000.0,
      0.0,
      0.0,
      0.0,
      0.0,
      1000000.0,
      0.0,
      0.0,
      0.0,
      0.0,
      1000000.0,
      0.0,
      0.0,
      -580323.25,
      18947660.0,
      1.0
    ]
  },
  "engine_medium_02": {
    "p": [
      0.0,
      578361.0625,
      18947660.0
    ],
    "q": [
      0.0,
      0.0,
      0.0,
      1.0
    ],
    "tx": [
      1000000.0,
      0.0,
      0.0,
      0.0,
      0.0,
      1000000.0,
      0.0,
      0.0,
      0.0,
      0.0,
      1000000.0,
      0.0,
      0.0,
      578361.0625,
      18947660.0,
      1.0
    ]
  },
  "engine_medium_03": {
    "p": [
      0.0,
      -1683832.0,
      18947660.0
    ],
    "q": [
      0.0,
      0.0,
      0.0,
      1.0
    ],
    "tx": [
      1000000.0,
      0.0,
      0.0,
      0.0,
      0.0,
      1000000.0,
      0.0,
      0.0,
      0.0,
      0.0,
      1000000.0,
      0.0,
      0.0,
      -1683832.0,
      18947660.0,
      1.0
    ]
  },
  "explosion_locator1": {
    "p": [
      1155894.625,
      -358761.0625,
      -9806946.0
    ],
    "q": [
      0.0,
      0.0,
      0.0,
      1.0
    ],
    "tx": [
      1000000.0,
      0.0,
      0.0,
      0.0,
      0.0,
      1000000.0,
      0.0,
      0.0,
      0.0,
      0.0,
      1000000.0,
      0.0,
      1155894.625,
      -358761.0625,
      -9806946.0,
      1.0
    ]
  },
  "explosion_locator2": {
    "p": [
      368498.90625,
      3455789.25,
      10810968.0
    ],
    "q": [
      0.0,
      0.0,
      0.0,
      1.0
    ],
    "tx": [
      1000000.0,
      0.0,
      0.0,
      0.0,
      0.0,
      1000000.0,
      0.0,
      0.0,
      0.0,
      0.0,
      1000000.0,
      0.0,
      368498.90625,
      3455789.25,
      10810968.0,
      1.0
    ]
  },
  "explosion_locator3": {
    "p": [
      -8.696546816011619e-10,
      -4499757.0,
      15038836.0
    ],
    "q": [
      0.0,
      0.0,
      0.0,
      1.0
    ],
    "tx": [
      1000000.0,
      0.0,
      0.0,
      0.0,
      0.0,
      1000000.0,
      0.0,
      0.0,
      0.0,
      0.0,
      1000000.0,
      0.0,
      -8.696546816011619e-10,
      -4499757.0,
      15038836.0,
      1.0
    ]
  },
  "explosion_locator4": {
    "p": [
      7.405652757697112e-10,
      2752029.5,
      24004124.0
    ],
    "q": [
      0.0,
      0.0,
      0.0,
      1.0
    ],
    "tx": [
      1000000.0,
      0.0,
      0.0,
      0.0,
      0.0,
      1000000.0,
      0.0,
      0.0,
      0.0,
      0.0,
      1000000.0,
      0.0,
      7.405652757697112e-10,
      2752029.5,
      24004124.0,
      1.0
    ]
  },
  "explosion_locator5": {
    "p": [
      -1950832.25,
      -153136.015625,
      4203080.5
    ],
    "q": [
      0.0,
      0.0,
      0.0,
      1.0
    ],
    "tx": [
      1000000.0,
      0.0,
      0.0,
      0.0,
      0.0,
      1000000.0,
      0.0,
      0.0,
      0.0,
      0.0,
      1000000.0,
      0.0,
      -1950832.25,
      -153136.015625,
      4203080.5,
      1.0
    ]
  },
  "large_gun_01": {
    "p": [
      503825.25,
      848161.8125,
      -16756102.0
    ],
    "q": [
      0.0,
      0.0,
      0.0,
      1.0
    ],
    "tx": [
      1000000.0,
      0.0,
      0.0,
      0.0,
      0.0,
      1000000.0,
      0.0,
      0.0,
      0.0,
      0.0,
      1000000.0,
      0.0,
      503825.25,
      848161.8125,
      -16756102.0,
      1.0
    ]
  },
  "large_gun_02": {
    "p": [
      350115.875,
      -1380009.875,
      -16756102.0
    ],
    "q": [
      0.0,
      0.0,
      0.0,
      1.0
    ],
    "tx": [
      1000000.0,
      0.0,
      0.0,
      0.0,
      0.0,
      1000000.0,
      0.0,
      0.0,
      0.0,
      0.0,
      1000000.0,
      0.0,
      350115.875,
      -1380009.875,
      -16756102.0,
      1.0
    ]
  },
  "large_gun_03": {
    "p": [
      -478207.0625,
      862917.875,
      -16756102.0
    ],
    "q": [
      0.0,
      0.0,
      0.0,
      1.0
    ],
    "tx": [
      1000000.0,
      0.0,
      0.0,
      0.0,
      0.0,
      1000000.0,
      0.0,
      0.0,
      0.0,
      0.0,
      1000000.0,
      0.0,
      -478207.0625,
      862917.875,
      -16756102.0,
      1.0
    ]
  },
  "large_gun_04": {
    "p": [
      -512364.6875,
      -1365253.625,
      -16756102.0
    ],
    "q": [
      0.0,
      0.0,
      0.0,
      1.0
    ],
    "tx": [
      1000000.0,
      0.0,
      0.0,
      0.0,
      0.0,
      1000000.0,
      0.0,
      0.0,
      0.0,
      0.0,
      1000000.0,
      0.0,
      -512364.6875,
      -1365253.625,
      -16756102.0,
      1.0
    ]
  },
  "medium_gun_01": {
    "p": [
      503825.25,
      848161.8125,
      -16756102.0
    ],
    "q": [
      0.0,
      0.0,
      0.0,
      1.0
    ],
    "tx": [
      1000000.0,
      0.0,
      0.0,
      0.0,
      0.0,
      1000000.0,
      0.0,
      0.0,
      0.0,
      0.0,
      1000000.0,
      0.0,
      503825.25,
      848161.8125,
      -16756102.0,
      1.0
    ]
  },
  "medium_gun_02": {
    "p": [
      350115.875,
      -1380009.875,
      -16756102.0
    ],
    "q": [
      0.0,
      0.0,
      0.0,
      1.0
    ],
    "tx": [
      1000000.0,
      0.0,
      0.0,
      0.0,
      0.0,
      1000000.0,
      0.0,
      0.0,
      0.0,
      0.0,
      1000000.0,
      0.0,
      350115.875,
      -1380009.875,
      -16756102.0,
      1.0
    ]
  },
  "medium_gun_03": {
    "p": [
      -478207.0625,
      862917.875,
      -16756102.0
    ],
    "q": [
      0.0,
      0.0,
      0.0,
      1.0
    ],
    "tx": [
      1000000.0,
      0.0,
      0.0,
      0.0,
      0.0,
      1000000.0,
      0.0,
      0.0,
      0.0,
      0.0,
      1000000.0,
      0.0,
      -478207.0625,
      862917.875,
      -16756102.0,
      1.0
    ]
  },
  "medium_gun_04": {
    "p": [
      -512364.6875,
      -1365253.625,
      -16756102.0
    ],
    "q": [
      0.0,
      0.0,
      0.0,
      1.0
    ],
    "tx": [
      1000000.0,
      0.0,
      0.0,
      0.0,
      0.0,
      1000000.0,
      0.0,
      0.0,
      0.0,
      0.0,
      1000000.0,
      0.0,
      -512364.6875,
      -1365253.625,
      -16756102.0,
      1.0
    ]
  },
  "part1_locator": {
    "p": [
      0.044703513383865356,
      2109466.0,
      -14672068.0
    ],
    "q": [
      2.9802322387695312e-08,
      -1.0,
      2.953012319265383e-14,
      7.549790126404332e-08
    ],
    "tx": [
      -1000000.0,
      -0.059604644775390625,
      0.15099580585956573,
      0.0,
      -0.059604644775390625,
      1000000.0,
      -5.456022478256273e-08,
      0.0,
      -0.15099580585956573,
      -6.356027171250389e-08,
      -1000000.0,
      0.0,
      0.044703513383865356,
      2109466.0,
      -14672068.0,
      1.0
    ]
  },
  "part2_back_locator": {
    "p": [
      0.04470345750451088,
      2874422.5,
      15528406.0
    ],
    "q": [
      2.9802322387695312e-08,
      -1.0,
      1.1084122799421637e-15,
      7.549790126404332e-08
    ],
    "tx": [
      -1000000.0,
      -0.059604644775390625,
      0.15099580585956573,
      0.0,
      -0.059604644775390625,
      1000000.0,
      2.2832007395834353e-09,
      0.0,
      -0.15099580585956573,
      -6.716850187160617e-09,
      -1000000.0,
      0.0,
      0.04470345750451088,
      2874422.5,
      15528406.0,
      1.0
    ]
  },
  "part2_front_locator": {
    "p": [
      0.044703517109155655,
      2170662.75,
      -1637213.25
    ],