{
  "part1_locator": {
    "p": [
      7.450578820566989e-09,
      5.9604641222676946e-08,
      -2.980232238769531e-07
    ],
    "q": [
      2.7681161653630255e-15,
      -0.9998960494995117,
      -7.16447995358473e-15,
      0.014417343772947788
    ],
    "pa": [
      "part1"
    ]
  },
  "explosion_locator5": {
    "p": [
      -1.7676397562026978,
      1.8683971166610718,
      -3.640883445739746
    ],
    "q": [
      7.216451354129412e-15,
      5.886936158141327e-16,
      2.6645352591003757e-15,
      1.0
    ],
    "pa": [
      "part1"
    ]
  },
  "hit_locator_4": {
    "p": [
      7.450580596923828e-09,
      -0.3095715641975403,
      0.12709660828113556
    ],
    "q": [
      7.216451354129412e-15,
      5.886936158141327e-16,
      2.6645352591003757e-15,
      1.0
    ],
    "pa": [
      "part1"
    ]
  },
  "part2_back_locator": {
    "p": [
      7.4505792646561986e-09,
      5.960467319710006e-08,
      2.5986649990081787
    ],
    "q": [
      2.5888433361425474e-15,
      -0.9998960494995117,
      5.268726620488934e-15,
      0.014417343772947788
    ],
    "pa": [
      "part2"
    ]
  },
  "part2_front_locator": {
    "p": [
      7.4505792646561986e-09,
      5.96045488521213e-08,
      -8.934341430664062
    ],
    "q": [
      -5.218048639254709e-15,
      5.886936158141327e-16,
      2.6645352591003757e-15,
      1.0
    ],
    "pa": [
      "part2"
    ]
  },
  "part2_back2": {
    "p": [
      7.450585925994346e-09,
      -0.9034849405288696,
      2.5986645221710205
    ],
    "q": [
      0.018164588138461113,
      -0.8552508354187012,
      -0.5059192180633545,
      0.11073308438062668
    ],
    "pa": [
      "part2"
    ]
  },
  "part2_back3": {
    "p": [
      -1.8663105964660645,
      -0.6358771324157715,
      2.5986645221710205
    ],
    "q": [
      0.018164588138461113,
      -0.8552508354187012,
      -0.5059192180633545,
      0.11073308438062668
    ],
    "pa": [
      "part2"
    ]
  },
  "part2_back4": {
    "p": [
      1.8663105964660645,
      -0.6358770132064819,
      2.5986645221710205
    ],
    "q": [
      0.018164588138461113,
      -0.8552508354187012,
      -0.5059192180633545,
      0.11073308438062668
    ],
    "pa": [
      "part2"
    ]
  },
  "part2_front1": {
    "p": [
      -0.005737110041081905,
      -2.047624349594116,
      -8.946418762207031
    ],
    "q": [
      -0.6595088839530945,
      0.0024216531310230494,
      -0.04409266635775566,
      0.750398576259613
    ],
    "pa": [
      "part2"
    ]
  },
  "part2_front2": {
    "p": [
      -0.6642900109291077,
      2.480774164199829,
      -9.436895370483398
    ],
    "q": [
      0.07675705850124359,
      0.5672409534454346,
      -0.6877179145812988,
      0.4465312361717224
    ],
    "pa": [
      "part2"
    ]
  },
  "part2_front3": {
    "p": [
      -1.4351977109909058,
      0.00509798526763916,
      -9.344229698181152
    ],
    "q": [
      -0.5652616024017334,
      0.3474232256412506,
      -0.34260109066963196,
      0.6651322245597839
    ],
    "pa": [
      "part2"
    ]
  },
  "part2_front4": {
    "p": [
      -1.9634689092636108,
      -1.3890092372894287,
      -8.050296783447266
    ],
    "q": [
      -0.49277815222740173,
      0.3069254159927368,
      -0.3874365985393524,
      0.7161419987678528
    ],
    "pa": [
      "part2"
    ]
  },
  "part2_front5": {
    "p": [
      -1.1627376079559326,
      0.21487680077552795,
      -2.0961151123046875
    ],
    "q": [
      -0.5030343532562256,
      0.41345280408859253,
      -0.46211257576942444,
      0.6020509004592896
    ],
    "pa": [
      "part2"
    ]
  },
  "explosion_locator2": {
    "p": [
      3.598771333694458,
      0.3617298901081085,
      -4.217125415802002
    ],
    "q": [
      -5.218048639254709e-15,
      5.886936158141327e-16,
      2.6645352591003757e-15,
      1.0
    ],
    "pa": [
      "part2"
    ]
  },
  "explosion_locator4": {
    "p": [
      -1.4439263343811035,
      0.09518694877624512,
      -5.427227973937988
    ],
    "q": [
      -5.218048639254709e-15,
      5.886936158141327e-16,
      2.6645352591003757e-15,
      1.0
    ],
    "pa": [
      "part2"
    ]
  },
  "hit_locator_2": {
    "p": [
      7.450580152834618e-09,
      -0.3095715641975403,
      -1.3068135976791382
    ],
    "q": [
      -5.218048639254709e-15,
      5.886936158141327e-16,
      2.6645352591003757e-15,
      1.0
    ],
    "pa": [
      "part2"
    ]
  },
  "hit_locator_3": {
    "p": [
      7.450580596923828e-09,
      -0.3095715641975403,
      -5.333670139312744
    ],
    "q": [
      -5.218048639254709e-15,
      5.886936158141327e-16,
      2.6645352591003757e-15,
      1.0
    ],
    "pa": [
      "part2"
    ]
  },
  "part3_locator": {
    "p": [
      7.4505797087454084e-09,
      2.9802322387695312e-08,
      2.9802322387695312e-08
    ],
    "q": [
      -3.4416913763379853e-15,
      5.886936687536919e-16,
      2.6645352591003757e-15,
      1.0
    ],
    "pa": [
      "part3"
    ]
  },
  "explosion_locator1": {
    "p": [
      -0.8014228343963623,
      -0.4839648902416229,
      0.7638056874275208
    ],
    "q": [
      -3.4416913763379853e-15,
      5.886936687536919e-16,
      2.6645352591003757e-15,
      1.0
    ],
    "pa": [
      "part3"
    ]
  },
  "explosion_locator3": {
    "p": [
      -2.0855181217193604,
      2.249305486679077,
      -1.4134572744369507
    ],
    "q": [
      -3.4416913763379853e-15,
      5.886936687536919e-16,
      2.6645352591003757e-15,
      1.0
    ],
    "pa": [
      "part3"
    ]
  },
  "hit_locator_1": {
    "p": [
      7.450580152834618e-09,
      -0.30957159399986267,
      0.7293108701705933
    ],
    "q": [
      -3.4416913763379853e-15,
      5.886936687536919e-16,
      2.6645352591003757e-15,
      1.0
    ],
    "pa": [
      "part3"
    ]
  }
}