{
  "0_Empty": {
    "p": [
      0.0,
      0.0,
      0.0
    ],
    "q": [
      0.0,
      0.0,
      0.0,
      1.0
    ],
    "tx": [
      1000000.0,
      0.0,
      0.0,
      0.0,
      0.0,
      1000000.0,
      0.0,
      0.0,
      0.0,
      0.0,
      1000000.0,
      0.0,
      0.0,
      0.0,
      0.0,
      1.0
    ]
  },
  "engine_medium_01": {
    "p": [
      0.0,
      0.0,
      19293034.0
    ],
    "q": [
      0.0,
      0.0,
      0.0,
      1.0
    ],
    "tx": [
      1000000.0,
      0.0,
      0.0,
      0.0,
      0.0,
      1000000.0,
      0.0,
      0.0,
      0.0,
      0.0,
      1000000.0,
      0.0,
      0.0,
      0.0,
      19293034.0,
      1.0
    ]
  },
  "engine_medium_02": {
    "p": [
      0.0,
      1338673.75,
      19293034.0
    ],
    "q": [
      0.0,
      0.0,
      0.0,
      1.0
    ],
    "tx": [
      1000000.0,
      0.0,
      0.0,
      0.0,
      0.0,
      1000000.0,
      0.0,
      0.0,
      0.0,
      0.0,
      1000000.0,
      0.0,
      0.0,
      1338673.75,
      19293034.0,
      1.0
    ]
  },
  "engine_medium_03": {
    "p": [
      0.0,
      -1274927.25,
      19293034.0
    ],
    "q": [
      0.0,
      0.0,
      0.0,
      1.0
    ],
    "tx": [
      1000000.0,
      0.0,
      0.0,
      0.0,
      0.0,
      1000000.0,
      0.0,
      0.0,
      0.0,
      0.0,
      1000000.0,
      0.0,
      0.0,
      -1274927.25,
      19293034.0,
      1.0
    ]
  },
  "explosion_locator1": {
    "p": [
      2.309492042051886e-10,
      1040102.75,
      -4911524.0
    ],
    "q": [
      0.0,
      0.0,
      0.0,
      1.0
    ],
    "tx": [
      1000000.0,
      0.0,
      0.0,
      0.0,
      0.0,
      1000000.0,
      0.0,
      0.0,
      0.0,
      0.0,
      1000000.0,
      0.0,
      2.309492042051886e-10,
      1040102.75,
      -4911524.0,
      1.0
    ]
  },
  "explosion_locator2": {
    "p": [
      1847403.0,
      2378907.75,
      13400750.0
    ],
    "q": [
      0.0,
      0.0,
      0.0,
      1.0
    ],
    "tx": [
      1000000.0,
      0.0,
      0.0,
      0.0,
      0.0,
      1000000.0,
      0.0,
      0.0,
      0.0,
      0.0,
      1000000.0,
      0.0,
      1847403.0,
      2378907.75,
      13400750.0,
      1.0
    ]
  },
  "explosion_locator3": {
    "p": [
      -5.420033866165852e-10,
      -2440966.25,
      16288271.0
    ],
    "q": [
      0.0,
      0.0,
      0.0,
      1.0
    ],
    "tx": [
      1000000.0,
      0.0,
      0.0,
      0.0,
      0.0,
      1000000.0,
      0.0,
      0.0,
      0.0,
      0.0,
      1000000.0,
      0.0,
      -5.420033866165852e-10,
      -2440966.25,
      16288271.0,
      1.0
    ]
  },
  "explosion_locator4": {
    "p": [
      1580207.5,
      -7140.875,
      21082422.0
    ],
    "q": [
      0.0,
      0.0,
      0.0,
      1.0
    ],
    "tx": [
      1000000.0,
      0.0,
      0.0,
      0.0,
      0.0,
      1000000.0,
      0.0,
      0.0,
      0.0,
      0.0,
      1000000.0,
      0.0,
      1580207.5,
      -7140.875,
      21082422.0,
      1.0
    ]
  },
  "explosion_locator5": {
    "p": [
      -2676340.5,
      1315409.75,
      6805160.0
    ],
    "q": [
      0.0,
      0.0,
      0.0,
      1.0
    ],
    "tx": [
      1000000.0,
      0.0,
      0.0,
      0.0,
      0.0,
      1000000.0,
      0.0,
      0.0,
      0.0,
      0.0,
      1000000.0,
      0.0,
      -2676340.5,
      1315409.75,
      6805160.0,
      1.0
    ]
  },
  "large_gun_01": {
    "p": [
      269809.53125,
      642632.625,
      -7883192.5
    ],
    "q": [
      0.0,
      0.0,
      0.0,
      1.0
    ],
    "tx": [
      1000000.0,
      0.0,
      0.0,
      0.0,
      0.0,
      1000000.0,
      0.0,
      0.0,
      0.0,
      0.0,
      1000000.0,
      0.0,
      269809.53125,
      642632.625,
      -7883192.5,
      1.0
    ]
  },
  "large_gun_02": {
    "p": [
      269809.53125,
      -518112.71875,
      -7883192.5
    ],
    "q": [
      0.0,
      0.0,
      0.0,
      1.0
    ],
    "tx": [
      1000000.0,
      0.0,
      0.0,
      0.0,
      0.0,
      1000000.0,
      0.0,
      0.0,
      0.0,
      0.0,
      1000000.0,
      0.0,
      269809.53125,
      -518112.71875,
      -7883192.5,
      1.0
    ]
  },
  "large_gun_03": {
    "p": [
      -209208.9375,
      657388.6875,
      -7883192.5
    ],
    "q": [
      0.0,
      0.0,
      0.0,
      1.0
    ],
    "tx": [
      1000000.0,
      0.0,
      0.0,
      0.0,
      0.0,
      1000000.0,
      0.0,
      0.0,
      0.0,
      0.0,
      1000000.0,
      0.0,
      -209208.9375,
      657388.6875,
      -7883192.5,
      1.0
    ]
  },
  "large_gun_04": {
    "p": [
      -209208.9375,
      -503356.625,
      -7883192.5
    ],
    "q": [
      0.0,
      0.0,
      0.0,
      1.0
    ],
    "tx": [
      1000000.0,
      0.0,
      0.0,
      0.0,
      0.0,
      1000000.0,
      0.0,
      0.0,
      0.0,
      0.0,
      1000000.0,
      0.0,
      -209208.9375,
      -503356.625,
      -7883192.5,
      1.0
    ]
  },
  "medium_gun_01": {
    "p": [
      269809.53125,
      642632.625,
      -7883192.5
    ],
    "q": [
      0.0,
      0.0,
      0.0,
      1.0
    ],
    "tx": [
      1000000.0,
      0.0,
      0.0,
      0.0,
      0.0,
      1000000.0,
      0.0,
      0.0,
      0.0,
      0.0,
      1000000.0,
      0.0,
      269809.53125,
      642632.625,
      -7883192.5,
      1.0
    ]
  },
  "medium_gun_02": {
    "p": [
      269809.53125,
      -518112.71875,
      -7883192.5
    ],
    "q": [
      0.0,
      0.0,
      0.0,
      1.0
    ],
    "tx": [
      1000000.0,
      0.0,
      0.0,
      0.0,
      0.0,
      1000000.0,
      0.0,
      0.0,
      0.0,
      0.0,
      1000000.0,
      0.0,
      269809.53125,
      -518112.71875,
      -7883192.5,
      1.0
    ]
  },
  "medium_gun_03": {
    "p": [
      -209208.9375,
      657388.6875,
      -7883192.5
    ],
    "q": [
      0.0,
      0.0,
      0.0,
      1.0
    ],
    "tx": [
      1000000.0,
      0.0,
      0.0,
      0.0,
      0.0,
      1000000.0,
      0.0,
      0.0,
      0.0,
      0.0,
      1000000.0,
      0.0,
      -209208.9375,
      657388.6875,
      -7883192.5,
      1.0
    ]
  },
  "medium_gun_04": {
    "p": [
      -209208.9375,
      -503356.625,
      -7883192.5
    ],
    "q": [
      0.0,
      0.0,
      0.0,
      1.0
    ],
    "tx": [
      1000000.0,
      0.0,
      0.0,
      0.0,
      0.0,
      1000000.0,
      0.0,
      0.0,
      0.0,
      0.0,
      1000000.0,
      0.0,
      -209208.9375,
      -503356.625,
      -7883192.5,
      1.0
    ]
  },
  "part1_locator": {
    "p": [
      0.044703513383865356,
      1237530.375,
      -7296799.0
    ],
    "q": [
      2.9802322387695312e-08,
      -1.0,
      2.953012319265383e-14,
      7.549790126404332e-08
    ],
    "tx": [
      -1000000.0,
      -0.059604644775390625,
      0.15099580585956573,
      0.0,
      -0.059604644775390625,
      1000000.0,
      -5.456022478256273e-08,
      0.0,
      -0.15099580585956573,
      -6.356027171250389e-08,
      -1000000.0,
      0.0,
      0.044703513383865356,
      1237530.375,
      -7296799.0,
      1.0
    ]
  },
  "part2_back_locator": {
    "p": [
      0.04470345750451088,
      3457602.75,
      18179672.0
    ],
    "q": [
      2.9802322387695312e-08,
      -1.0,
      1.1084122799421637e-15,
      7.549790126404332e-08
    ],
    "tx": [
      -1000000.0,
      -0.059604644775390625,
      0.15099580585956573,
      0.0,
      -0.059604644775390625,
      1000000.0,
      2.2832007395834353e-09,
      0.0,
      -0.15099580585956573,
      -6.716850187160617e-09,
      -1000000.0,
      0.0,
      0.04470345750451088,
      3457602.75,
      18179672.0,
      1.0
    ]
  },
  "part2_front_locator": {
    "p": [
      0.044703517109155655,
      1206501.25,
      1208751.875
    ],