{
  "engine_medium_01": {
    "p": [
      0.02963826060295105,
      -0.7471250295639038,
      22.336227416992188
    ],
    "q": [
      1.3435889911761478e-07,
      6.717938560996117e-08,
      -9.026148257366539e-15,
      1.0
    ],
    "tx": [
      9.999999974752427e-07,
      0.0,
      -1.3435876489078374e-13,
      0.0,
      3.610459196860702e-20,
      9.999999974752427e-07,
      2.687178008321106e-13,
      0.0,
      1.3435876489078374e-13,
      -2.687178008321106e-13,
      9.999999974752427e-07,
      0.0,
      0.02963826060295105,
      -0.7471250295639038,
      22.336227416992188,
      1.0
    ]
  },
  "engine_medium_02": {
    "p": [
      -0.9521923065185547,
      -0.7471251487731934,
      22.336227416992188
    ],
    "q": [
      1.3435889911761478e-07,
      6.717938560996117e-08,
      -9.026148257366539e-15,
      1.0
    ],
    "tx": [
      9.999999974752427e-07,
      0.0,
      -1.3435876489078374e-13,
      0.0,
      3.610459196860702e-20,
      9.999999974752427e-07,
      2.687178008321106e-13,
      0.0,
      1.3435876489078374e-13,
      -2.687178008321106e-13,
      9.999999974752427e-07,
      0.0,
      -0.9521923065185547,
      -0.7471251487731934,
      22.336227416992188,
      1.0
    ]
  },
  "engine_medium_03": {
    "p": [
      1.0413089990615845,
      -0.7471247911453247,
      22.336227416992188
    ],
    "q": [
      1.3435889911761478e-07,
      6.717938560996117e-08,
      -9.026148257366539e-15,
      1.0
    ],
    "tx": [
      9.999999974752427e-07,
      0.0,
      -1.3435876489078374e-13,
      0.0,
      3.610459196860702e-20,
      9.999999974752427e-07,
      2.687178008321106e-13,
      0.0,
      1.3435876489078374e-13,
      -2.687178008321106e-13,
      9.999999974752427e-07,
      0.0,
      1.0413089990615845,
      -0.7471247911453247,
      22.336227416992188,
      1.0
    ]
  },
  "exhaust": {
    "p": [
      9.306347815109446e-16,
      -0.335260808467865,
      26.831737518310547
    ],
    "q": [
      0.0,
      0.0,
      0.0,
      1.0
    ],
    "tx": [
      9.999999974752427e-07,
      0.0,
      0.0,
      0.0,
      0.0,
      9.999999974752427e-07,
      0.0,
      0.0,
      0.0,
      0.0,
      9.999999974752427e-07,
      0.0,
      9.306347815109446e-16,
      -0.335260808467865,
      26.831737518310547,
      1.0
    ]
  },
  "explosion_locator1": {
    "p": [
      1.1558946371078491,
      1.5569392442703247,
      -8.09390640258789
    ],
    "q": [
      0.0,
      0.0,
      0.0,
      1.0
    ],
    "tx": [
      9.999999974752427e-07,
      0.0,
      0.0,
      0.0,
      0.0,
      9.999999974752427e-07,
      0.0,
      0.0,
      0.0,
      0.0,
      9.999999974752427e-07,
      0.0,
      1.1558946371078491,
      1.5569392442703247,
      -8.09390640258789,
      1.0
    ]
  },
  "explosion_locator2": {
    "p": [
      0.36849889159202576,
      2.074434995651245,
      11.99560260772705
    ],
    "q": [
      0.0,
      0.0,
      0.0,
      1.0
    ],
    "tx": [
      9.999999974752427e-07,
      0.0,
      0.0,
      0.0,
      0.0,
      9.999999974752427e-07,
      0.0,
      0.0,
      0.0,
      0.0,
      9.999999974752427e-07,
      0.0,
      0.36849889159202576,
      2.074434995651245,
      11.99560260772705,
      1.0
    ]
  },
  "explosion_locator3": {
    "p": [
      -5.737757774262084e-16,
      -2.5840563774108887,
      16.751876831054688
    ],
    "q": [
      0.0,
      0.0,
      0.0,
      1.0
    ],
    "tx": [
      9.999999974752427e-07,
      0.0,
      0.0,
      0.0,
      0.0,
      9.999999974752427e-07,
      0.0,
      0.0,
      0.0,
      0.0,
      9.999999974752427e-07,
      0.0,
      -5.737757774262084e-16,
      -2.5840563774108887,
      16.751876831054688,
      1.0
    ]
  },
  "explosion_locator4": {
    "p": [
      5.90872502191826e-16,
      2.66105318069458,
      20.47391128540039
    ],
    "q": [
      0.0,
      0.0,
      0.0,
      1.0
    ],
    "tx": [
      9.999999974752427e-07,
      0.0,
      0.0,
      0.0,
      0.0,
      9.999999974752427e-07,
      0.0,
      0.0,
      0.0,
      0.0,
      9.999999974752427e-07,
      0.0,
      5.90872502191826e-16,
      2.66105318069458,
      20.47391128540039,
      1.0
    ]
  },
  "explosion_locator5": {
    "p": [
      -1.9508322477340698,
      1.7625643014907837,
      5.916120529174805
    ],
    "q": [
      0.0,
      0.0,
      0.0,
      1.0
    ],
    "tx": [
      9.999999974752427e-07,
      0.0,
      0.0,
      0.0,
      0.0,
      9.999999974752427e-07,
      0.0,
      0.0,
      0.0,
      0.0,
      9.999999974752427e-07,
      0.0,
      -1.9508322477340698,
      1.7625643014907837,
      5.916120529174805,
      1.0
    ]
  },
  "large_gun_01": {
    "p": [
      2.7960450649261475,
      -2.818220376968384,
      -16.61962890625
    ],
    "q": [
      0.0,
      0.0,
      0.0,
      1.0
    ],
    "tx": [
      9.999999974752427e-07,
      0.0,
      0.0,
      0.0,
      0.0,
      9.999999974752427e-07,
      0.0,
      0.0,
      0.0,
      0.0,
      9.999999974752427e-07,
      0.0,
      2.7960450649261475,
      -2.818220376968384,
      -16.61962890625,
      1.0
    ]
  },
  "large_gun_02": {
    "p": [
      -2.133833408355713,
      -2.830540895462036,
      -16.636051177978516
    ],
    "q": [
      0.0,
      0.0,
      0.0,
      1.0
    ],
    "tx": [
      9.999999974752427e-07,
      0.0,
      0.0,
      0.0,
      0.0,
      9.999999974752427e-07,
      0.0,
      0.0,
      0.0,
      0.0,
      9.999999974752427e-07,
      0.0,
      -2.133833408355713,
      -2.830540895462036,
      -16.636051177978516,
      1.0
    ]
  },
  "large_gun_03": {
    "p": [
      2.1901943683624268,
      -2.80346417427063,
      -16.61962890625
    ],
    "q": [
      0.0,
      0.0,
      0.0,
      1.0
    ],
    "tx": [
      9.999999974752427e-07,
      0.0,
      0.0,
      0.0,
      0.0,
      9.999999974752427e-07,
      0.0,
      0.0,
      0.0,
      0.0,
      9.999999974752427e-07,
      0.0,
      2.1901943683624268,
      -2.80346417427063,
      -16.61962890625,
      1.0
    ]
  },
  "large_gun_04": {
    "p": [
      -2.686129093170166,
      -2.8157846927642822,
      -16.636051177978516
    ],
    "q": [
      0.0,
      0.0,
      0.0,
      1.0
    ],
    "tx": [
      9.999999974752427e-07,
      0.0,
      0.0,
      0.0,
      0.0,
      9.999999974752427e-07,
      0.0,
      0.0,
      0.0,
      0.0,
      9.999999974752427e-07,
      0.0,
      -2.686129093170166,
      -2.8157846927642822,
      -16.636051177978516,
      1.0
    ]
  },
  "medium_gun_01": {
    "p": [
      0.34365230798721313,
      1.6687979698181152,
      -16.51215362548828
    ],
    "q": [
      0.0,
      0.0,
      0.0,
      1.0
    ],
    "tx": [
      9.999999974752427e-07,
      0.0,
      0.0,
      0.0,
      0.0,
      9.999999974752427e-07,
      0.0,
      0.0,
      0.0,
      0.0,
      9.999999974752427e-07,
      0.0,
      0.34365230798721313,
      1.6687979698181152,
      -16.51215362548828,
      1.0
    ]
  },
  "medium_gun_02": {
    "p": [
      0.31248319149017334,
      2.1526095867156982,
      -16.562847137451172
    ],
    "q": [
      0.0,
      0.0,
      0.0,
      1.0
    ],
    "tx": [
      9.999999974752427e-07,
      0.0,
      0.0,
      0.0,
      0.0,
      9.999999974752427e-07,
      0.0,
      0.0,
      0.0,
      0.0,
      9.999999974752427e-07,
      0.0,
      0.31248319149017334,
      2.1526095867156982,
      -16.562847137451172,
      1.0
    ]
  },
  "medium_gun_03": {
    "p": [
      -0.34621354937553406,
      1.6835541725158691,
      -16.51215362548828
    ],
    "q": [
      0.0,
      0.0,
      0.0,
      1.0
    ],