{
  "part1_locator": {
    "p": [
      0.0,
      5.551115123125783e-17,
      -8.881784197001252e-16
    ],
    "q": [
      0.0,
      1.0,
      -0.0,
      -6.123234262925839e-17
    ],
    "pa": [
      "part1"
    ]
  },
  "explosion_locator5": {
    "p": [
      1.6500358513609013e-15,
      2.1725518703460693,
      -3.5056991577148438
    ],
    "q": [
      0.0,
      0.0,
      -0.0,
      -1.0
    ],
    "pa": [
      "part1"
    ]
  },
  "part2_back_locator": {
    "p": [
      -1.5141137448644246e-15,
      1.9984014443252818e-15,
      5.5084428787231445
    ],
    "q": [
      0.0,
      1.0,
      -0.0,
      -6.123234262925839e-17
    ],
    "pa": [
      "part2"
    ]
  },
  "part2_front_locator": {
    "p": [
      8.819118052585419e-16,
      -1.0547118733938987e-15,
      -5.95686674118042
    ],
    "q": [
      0.0,
      0.0,
      -0.0,
      -1.0
    ],
    "pa": [
      "part2"
    ]
  },
  "explosion_locator1": {
    "p": [
      -3.5619161128997803,
      -0.3095715641975403,
      -6.87796258884649e-16
    ],
    "q": [
      0.0,
      0.0,
      -0.0,
      -1.0
    ],
    "pa": [
      "part2"
    ]
  },
  "explosion_locator2": {
    "p": [
      4.431972026824951,
      -0.3095715641975403,
      4.92650842666626
    ],
    "q": [
      0.0,
      0.0,
      -0.0,
      -1.0
    ],
    "pa": [
      "part2"
    ]
  },
  "part3_locator": {
    "p": [
      3.944304526105059e-31,
      5.551115123125783e-17,
      8.881784197001252e-16
    ],
    "q": [
      0.0,
      0.0,
      -0.0,
      -1.0
    ],
    "pa": [
      "part3"
    ]
  },
  "explosion_locator3": {
    "p": [
      0.586974024772644,
      2.677915096282959,
      2.401383399963379
    ],
    "q": [
      0.0,
      0.0,
      -0.0,
      -1.0
    ],
    "pa": [
      "part3"
    ]
  },
  "explosion_locator4": {
    "p": [
      -4.389320373535156,
      0.28588658571243286,
      2.976475238800049
    ],
    "q": [
      0.0,
      0.0,
      -0.0,
      -1.0
    ],
    "pa": [
      "part3"
    ]
  },
  "target_locator_1": {
    "p": [
      -9.860761315262648e-32,
      0.0,
      -11.779646873474121
    ],
    "q": [
      0.0,
      0.0,
      -0.0,
      -1.0
    ]
  },
  "target_locator_2": {
    "p": [
      -4.930380657631324e-32,
      0.0,
      -4.692110061645508
    ],
    "q": [
      0.0,
      0.0,
      -0.0,
      -1.0
    ]
  },
  "target_locator_3": {
    "p": [
      9.860761315262648e-32,
      0.0,
      5.81989860534668
    ],
    "q": [
      0.0,
      0.0,
      -0.0,
      -1.0
    ]
  },
  "target_locator_4": {
    "p": [
      2.9582283945787943e-31,
      0.0,
      17.088991165161133
    ],
    "q": [
      0.0,
      0.0,
      -0.0,
      -1.0
    ]
  }
}