{
  "engine_medium_01": {
    "p": [
      -6458.0693359375,
      9192.34765625,
      13875807.0
    ],
    "q": [
      0.0,
      0.0,
      0.0,
      1.0
    ],
    "tx": [
      1000000.0,
      0.0,
      0.0,
      0.0,
      0.0,
      1000000.0,
      0.0,
      0.0,
      0.0,
      0.0,
      1000000.0,
      0.0,
      -6458.0693359375,
      9192.34765625,
      13875807.0,
      1.0
    ]
  },
  "engine_medium_02": {
    "p": [
      -6458.0693359375,
      727257.9375,
      13885015.0
    ],
    "q": [
      1.0,
      0.0,
      0.0,
      4.371138828673793e-08
    ],
    "tx": [
      1000000.0,
      0.0,
      0.0,
      0.0,
      0.0,
      -1000000.0,
      0.08742277324199677,
      0.0,
      0.0,
      -0.08742277324199677,
      -1000000.0,
      0.0,
      -6458.0693359375,
      727257.9375,
      13885015.0,
      1.0
    ]
  },
  "engine_medium_03": {
    "p": [
      -6458.0693359375,
      -584864.0625,
      13866341.0
    ],
    "q": [
      1.0,
      0.0,
      0.0,
      4.371138828673793e-08
    ],
    "tx": [
      1000000.0,
      0.0,
      0.0,
      0.0,
      0.0,
      -1000000.0,
      0.08742277324199677,
      0.0,
      0.0,
      -0.08742277324199677,
      -1000000.0,
      0.0,
      -6458.0693359375,
      -584864.0625,
      13866341.0,
      1.0
    ]
  },
  "exhaust": {
    "p": [
      -6458.0693359375,
      20129.78515625,
      16698208.0
    ],
    "q": [
      0.0,
      0.0,
      0.0,
      1.0
    ],
    "tx": [
      1000000.0,
      0.0,
      0.0,
      0.0,
      0.0,
      1000000.0,
      0.0,
      0.0,
      0.0,
      0.0,
      1000000.0,
      0.0,
      -6458.0693359375,
      20129.78515625,
      16698208.0,
      1.0
    ]
  },
  "explosion_locator1": {
    "p": [
      736310.5625,
      -184982.359375,
      -3286219.25
    ],
    "q": [
      0.0,
      0.0,
      0.0,
      1.0
    ],
    "tx": [
      1000000.0,
      0.0,
      0.0,
      0.0,
      0.0,
      1000000.0,
      0.0,
      0.0,
      0.0,
      0.0,
      1000000.0,
      0.0,
      736310.5625,
      -184982.359375,
      -3286219.25,
      1.0
    ]
  },
  "explosion_locator2": {
    "p": [
      230336.390625,
      976743.125,
      6593416.5
    ],
    "q": [
      0.0,
      0.0,
      0.0,
      1.0
    ],
    "tx": [
      1000000.0,
      0.0,
      0.0,
      0.0,
      0.0,
      1000000.0,
      0.0,
      0.0,
      0.0,
      0.0,
      1000000.0,
      0.0,
      230336.390625,
      976743.125,
      6593416.5,
      1.0
    ]
  },
  "explosion_locator3": {
    "p": [
      -6458.0693359375,
      -1490047.75,
      6702041.5
    ],
    "q": [
      0.0,
      0.0,
      0.0,
      1.0
    ],
    "tx": [
      1000000.0,
      0.0,
      0.0,
      0.0,
      0.0,
      1000000.0,
      0.0,
      0.0,
      0.0,
      0.0,
      1000000.0,
      0.0,
      -6458.0693359375,
      -1490047.75,
      6702041.5,
      1.0
    ]
  },
  "explosion_locator4": {
    "p": [
      -6458.0693359375,
      1116527.5,
      10316015.0
    ],
    "q": [
      0.0,
      0.0,
      0.0,
      1.0
    ],
    "tx": [
      1000000.0,
      0.0,
      0.0,
      0.0,
      0.0,
      1000000.0,
      0.0,
      0.0,
      0.0,
      0.0,
      1000000.0,
      0.0,
      -6458.0693359375,
      1116527.5,
      10316015.0,
      1.0
    ]
  },
  "explosion_locator5": {
    "p": [
      -1260047.375,
      -52849.32421875,
      5716512.0
    ],
    "q": [
      0.0,
      0.0,
      0.0,
      1.0
    ],
    "tx": [
      1000000.0,
      0.0,
      0.0,
      0.0,
      0.0,
      1000000.0,
      0.0,
      0.0,
      0.0,
      0.0,
      1000000.0,
      0.0,
      -1260047.375,
      -52849.32421875,
      5716512.0,
      1.0
    ]
  },
  "large_gun_01": {
    "p": [
      212102.234375,
      54030.984375,
      -3596565.75
    ],
    "q": [
      0.0,
      0.0,
      0.0,
      1.0
    ],
    "tx": [
      1000000.0,
      0.0,
      0.0,
      0.0,
      0.0,
      1000000.0,
      0.0,
      0.0,
      0.0,
      0.0,
      1000000.0,
      0.0,
      212102.234375,
      54030.984375,
      -3596565.75,
      1.0
    ]
  },
  "large_gun_02": {
    "p": [
      144706.40625,
      -713681.5625,
      -3596565.75
    ],
    "q": [
      0.0,
      0.0,
      0.0,
      1.0
    ],
    "tx": [
      1000000.0,
      0.0,
      0.0,
      0.0,
      0.0,
      1000000.0,
      0.0,
      0.0,
      0.0,
      0.0,
      1000000.0,
      0.0,
      144706.40625,
      -713681.5625,
      -3596565.75,
      1.0
    ]
  },
  "large_gun_03": {
    "p": [
      -218482.203125,
      63513.12890625,
      -3596565.75
    ],
    "q": [
      0.0,
      0.0,
      0.0,
      1.0
    ],
    "tx": [
      1000000.0,
      0.0,
      0.0,
      0.0,
      0.0,
      1000000.0,
      0.0,
      0.0,
      0.0,
      0.0,
      1000000.0,
      0.0,
      -218482.203125,
      63513.12890625,
      -3596565.75,
      1.0
    ]
  },
  "large_gun_04": {
    "p": [
      -233459.03125,
      -704199.4375,
      -3596565.75
    ],
    "q": [
      0.0,
      0.0,
      0.0,
      1.0
    ],
    "tx": [
      1000000.0,
      0.0,
      0.0,
      0.0,
      0.0,
      1000000.0,
      0.0,
      0.0,
      0.0,
      0.0,
      1000000.0,
      0.0,
      -233459.03125,
      -704199.4375,
      -3596565.75,
      1.0
    ]
  },
  "medium_gun_01": {
    "p": [
      212102.234375,
      -494196.625,
      -3560040.5
    ],
    "q": [
      0.0,
      0.0,
      0.0,
      1.0
    ],
    "tx": [
      1000000.0,
      0.0,
      0.0,
      0.0,
      0.0,
      1000000.0,
      0.0,
      0.0,
      0.0,
      0.0,
      1000000.0,
      0.0,
      212102.234375,
      -494196.625,
      -3560040.5,
      1.0
    ]
  },
  "medium_gun_02": {
    "p": [
      174505.265625,
      -183303.203125,
      -3592615.25
    ],
    "q": [
      0.0,
      0.0,
      0.0,
      1.0
    ],
    "tx": [
      1000000.0,
      0.0,
      0.0,
      0.0,
      0.0,
      1000000.0,
      0.0,
      0.0,
      0.0,
      0.0,
      1000000.0,
      0.0,
      174505.265625,
      -183303.203125,
      -3592615.25,
      1.0
    ]
  },
  "medium_gun_03": {
    "p": [
      -218482.203125,
      -484714.46875,
      -3560040.5
    ],
    "q": [
      0.0,
      0.0,
      0.0,
      1.0
    ],
    "tx": [
      1000000.0,
      0.0,
      0.0,
      0.0,
      0.0,
      1000000.0,
      0.0,
      0.0,
      0.0,
      0.0,
      1000000.0,
      0.0,
      -218482.203125,
      -484714.46875,
      -3560040.5,
      1.0
    ]
  },
  "medium_gun_04": {
    "p": [
      -203660.171875,
      -173821.0625,
      -3592615.25
    ],
    "q": [
      0.0,
      0.0,
      0.0,
      1.0
    ],
    "tx": [
      1000000.0,
      0.0,
      0.0,
      0.0,
      0.0,
      1000000.0,
      0.0,
      0.0,
      0.0,
      0.0,
      1000000.0,
      0.0,
      -203660.171875,
      -173821.0625,
      -3592615.25,
      1.0
    ]
  },
  "part1_locator": {
    "p": [
      -6458.04052734375,
      613145.8125,
      -1966894.625
    ],
    "q": [
      2.9802322387695312e-08,
      -1.0,
      2.953012319265383e-14,
      7.549790126404332e-08
    ],
    "tx": [
      -1000000.0,
      -0.059604644775390625,
      0.15099580585956573,
      0.0,
      -0.059604644775390625,
      1000000.0,
      -5.456022478256273e-08,
      0.0,
      -0.15099580585956573,
      -6.356027171250389e-08,
      -1000000.0,
      0.0,
      -6458.04052734375,
      613145.8125,
      -1966894.625,
      1.0
    ]
  },
  "part2_back_locator": {
    "p": [
      -6458.04052734375,
      603161.4375,
      9624804.0
    ],
    "q": [
      2.9802322387695312e-08,
      -1.0,
      1.1084122799421637e-15,
      7.549790126404332e-08
    ],