{
  "part1_locator": {
    "p": [
      -1.9721522630525295e-31,
      5.551115123125783e-17,
      -0.0
    ],
    "q": [
      0.0,
      0.9998960494995117,
      -0.0,
      -0.01441735029220581
    ],
    "pa": [
      "part1"
    ]
  },
  "explosion_locator5": {
    "p": [
      -1.767639398574829,
      1.868396520614624,
      -3.6408820152282715
    ],
    "q": [
      0.0,
      0.0,
      -0.0,
      -1.0
    ],
    "pa": [
      "part1"
    ]
  },
  "hit_locator_4": {
    "p": [
      8.59451403173114e-16,
      -0.3095715641975403,
      0.12709680199623108
    ],
    "q": [
      0.0,
      0.0,
      -0.0,
      -1.0
    ],
    "pa": [
      "part1"
    ]
  },
  "part2_back_locator": {
    "p": [
      -5.449627341154917e-16,
      7.771561172376096e-16,
      2.5986640453338623
    ],
    "q": [
      0.0,
      0.9998960494995117,
      -0.0,
      -0.01441735029220581
    ],
    "pa": [
      "part2"
    ]
  },
  "part2_front_locator": {
    "p": [
      1.8736093507557266e-15,
      -2.4424906541753444e-15,
      -8.93433952331543
    ],
    "q": [
      0.0,
      0.0,
      -0.0,
      -1.0
    ],
    "pa": [
      "part2"
    ]
  },
  "part2_back2": {
    "p": [
      3.552713678800501e-15,
      -0.9034847617149353,
      2.598663568496704
    ],
    "q": [
      -0.018164636567234993,
      0.8552509546279907,
      0.5059190392494202,
      -0.11073307693004608
    ],
    "pa": [
      "part2"
    ]
  },
  "part2_back3": {
    "p": [
      -1.8663102388381958,
      -0.6358770132064819,
      2.598663568496704
    ],
    "q": [
      -0.018164636567234993,
      0.8552509546279907,
      0.5059190392494202,
      -0.11073307693004608
    ],
    "pa": [
      "part2"
    ]
  },
  "part2_back4": {
    "p": [
      1.8663102388381958,
      -0.6358770132064819,
      2.598663568496704
    ],
    "q": [
      -0.018164636567234993,
      0.8552509546279907,
      0.5059190392494202,
      -0.11073307693004608
    ],
    "pa": [
      "part2"
    ]
  },
  "part2_front1": {
    "p": [
      -0.005737117026001215,
      -2.047623872756958,
      -8.946416854858398
    ],
    "q": [
      0.6595088839530945,
      -0.002421658718958497,
      0.04409267008304596,
      -0.750398576259613
    ],
    "pa": [
      "part2"
    ]
  },
  "part2_front2": {
    "p": [
      -0.6642899513244629,
      2.480773687362671,
      -9.436893463134766
    ],
    "q": [
      -0.07675714045763016,
      -0.5672410130500793,
      0.6877177953720093,
      -0.4465313255786896
    ],
    "pa": [
      "part2"
    ]
  },
  "part2_front3": {
    "p": [
      -1.4351975917816162,
      0.005097923334687948,
      -9.34422779083252
    ],
    "q": [
      0.5652616024017334,
      -0.3474232256412506,
      0.3426010012626648,
      -0.6651322841644287
    ],
    "pa": [
      "part2"
    ]
  },
  "part2_front4": {
    "p": [
      -1.9634685516357422,
      -1.3890089988708496,
      -8.050294876098633
    ],
    "q": [
      0.49277809262275696,
      -0.30692532658576965,
      0.3874365985393524,
      -0.7161420583724976
    ],
    "pa": [
      "part2"
    ]
  },
  "part2_front5": {
    "p": [
      -1.162737488746643,
      0.21487663686275482,
      -2.0961146354675293
    ],
    "q": [
      0.503034234046936,
      -0.4134526550769806,
      0.4621124863624573,
      -0.6020510792732239
    ],
    "pa": [
      "part2"
    ]
  },
  "explosion_locator2": {
    "p": [
      3.5987706184387207,
      0.36172980070114136,
      -4.2171244621276855
    ],
    "q": [
      0.0,
      0.0,
      -0.0,
      -1.0
    ],
    "pa": [
      "part2"
    ]
  },
  "explosion_locator4": {
    "p": [
      -1.443926215171814,
      0.09518679976463318,
      -5.427226543426514
    ],
    "q": [
      0.0,
      0.0,
      -0.0,
      -1.0
    ],
    "pa": [
      "part2"
    ]
  },
  "hit_locator_2": {
    "p": [
      2.3491598524260965e-16,
      -0.3095715641975403,
      -1.3068132400512695
    ],
    "q": [
      0.0,
      0.0,
      -0.0,
      -1.0
    ],
    "pa": [
      "part2"
    ]
  },
  "hit_locator_3": {
    "p": [
      1.5761283091855825e-15,
      -0.3095715641975403,
      -5.3336687088012695
    ],
    "q": [
      0.0,
      0.0,
      -0.0,
      -1.0
    ],
    "pa": [
      "part2"
    ]
  },
  "part3_locator": {
    "p": [
      1.9721522630525295e-31,
      5.551115123125783e-17,
      -0.0
    ],
    "q": [
      0.0,
      0.0,
      -0.0,
      -1.0
    ],
    "pa": [
      "part3"
    ]
  },
  "explosion_locator1": {
    "p": [
      -0.801422655582428,
      -0.48396480083465576,
      0.7638055086135864
    ],
    "q": [
      0.0,
      0.0,
      -0.0,
      -1.0
    ],
    "pa": [
      "part3"
    ]
  },
  "explosion_locator3": {
    "p": [
      -2.0855178833007812,
      2.249305009841919,
      -1.413456916809082
    ],
    "q": [
      0.0,
      0.0,
      -0.0,
      -1.0
    ],
    "pa": [
      "part3"
    ]
  },
  "hit_locator_1": {
    "p": [
      -7.63815771834828e-16,
      -0.3095715641975403,
      0.7293107509613037
    ],
    "q": [
      0.0,
      0.0,
      -0.0,
      -1.0
    ],
    "pa": [
      "part3"
    ]
  }
}