{
  "explosion_locator1": {
    "p": [
      0.052443742752075195,
      0.01210058107972145,
      -0.006366340443491936
    ],
    "q": [
      0.0,
      0.0,
      0.0,
      1.0
    ]
  },
  "explosion_locator2": {
    "p": [
      0.17037777602672577,
      0.14144077897071838,
      0.3565869927406311
    ],
    "q": [
      0.0,
      0.0,
      0.0,
      1.0
    ]
  },
  "explosion_locator3": {
    "p": [
      0.05570322275161743,
      -0.15774506330490112,
      0.5358248949050903
    ],
    "q": [
      0.0,
      0.0,
      0.0,
      1.0
    ]
  },
  "explosion_locator4": {
    "p": [
      0.15379205346107483,
      -0.006669290363788605,
      0.8334143757820129
    ],
    "q": [
      0.0,
      0.0,
      0.0,
      1.0
    ]
  },
  "explosion_locator5": {
    "p": [
      -0.11042627692222595,
      0.0754258781671524,
      -0.05282345414161682
    ],
    "q": [
      0.0,
      0.0,
      0.0,
      1.0
    ]
  },
  "part1_locator": {
    "p": [
      0.05570322647690773,
      0.07059162110090256,
      -0.9281792640686035
    ],
    "q": [
      -2.9802322387695312e-08,
      1.0,
      -2.953012319265383e-14,
      -7.549790126404332e-08
    ]
  },
  "part2_back_locator": {
    "p": [
      0.05570322647690773,
      0.20839901268482208,
      0.6532305479049683
    ],
    "q": [
      -2.9802322387695312e-08,
      1.0,
      -1.1084122799421637e-15,
      -7.549790126404332e-08
    ]
  },
  "part2_front_locator": {
    "p": [
      0.05570322647690773,
      0.06866554170846939,
      -0.40021130442619324
    ],
    "q": [
      -3.358425073007572e-15,
      -6.86252276640482e-16,
      2.9802322387695312e-08,
      1.0
    ]
  },
  "part3_locator": {
    "p": [
      0.05570322647690773,
      0.1165977269411087,
      0.4420875012874603
    ],
    "q": [
      -3.1780140856158684e-14,
      -6.862537589481397e-16,
      2.9802322387695312e-08,
      1.0
    ]
  },
  "strike_craft_locator_01": {
    "p": [
      0.12194930016994476,
      -0.10100245475769043,
      -0.13293501734733582
    ],
    "q": [
      0.0,
      0.0,
      0.0,
      1.0
    ]
  },
  "strike_craft_locator_02": {
    "p": [
      -0.012938454747200012,
      -0.10100245475769043,
      -0.13293501734733582
    ],
    "q": [
      0.0,
      0.0,
      0.0,
      1.0
    ]
  }
}