{
  "0_Empty": {
    "p": [
      0.0,
      0.0,
      0.0
    ],
    "q": [
      0.0,
      0.0,
      0.0,
      1.0
    ],
    "tx": [
      1000000.0,
      0.0,
      0.0,
      0.0,
      0.0,
      1000000.0,
      0.0,
      0.0,
      0.0,
      0.0,
      1000000.0,
      0.0,
      0.0,
      0.0,
      0.0,
      1.0
    ]
  },
  "engine_medium_01": {
    "p": [
      0.0,
      -1300460.875,
      35879548.0
    ],
    "q": [
      4.7503021960437763e-08,
      4.750300419686937e-08,
      0.7071066498756409,
      0.70710688829422
    ],
    "tx": [
      0.31391647458076477,
      1000000.0,
      0.0,
      0.0,
      -1000000.0,
      0.31391647458076477,
      0.13435880839824677,
      0.0,
      0.13435880839824677,
      -4.217744731249695e-08,
      1000000.0,
      0.0,
      0.0,
      -1300460.875,
      35879548.0,
      1.0
    ]
  },
  "engine_medium_02": {
    "p": [
      -2262415.0,
      -1300460.875,
      35879548.0
    ],
    "q": [
      4.7503021960437763e-08,
      4.750300419686937e-08,
      0.7071066498756409,
      0.70710688829422
    ],
    "tx": [
      0.31391647458076477,
      1000000.0,
      0.0,
      0.0,
      -1000000.0,
      0.31391647458076477,
      0.13435880839824677,
      0.0,
      0.13435880839824677,
      -4.217744731249695e-08,
      1000000.0,
      0.0,
      -2262415.0,
      -1300460.875,
      35879548.0,
      1.0
    ]
  },
  "engine_medium_03": {
    "p": [
      2349409.0,
      -1300460.875,
      35879548.0
    ],
    "q": [
      4.7503021960437763e-08,
      4.750300419686937e-08,
      0.7071066498756409,
      0.70710688829422
    ],
    "tx": [
      0.31391647458076477,
      1000000.0,
      0.0,
      0.0,
      -1000000.0,
      0.31391647458076477,
      0.13435880839824677,
      0.0,
      0.13435880839824677,
      -4.217744731249695e-08,
      1000000.0,
      0.0,
      2349409.0,
      -1300460.875,
      35879548.0,
      1.0
    ]
  },
  "explosion_locator1": {
    "p": [
      2.309492042051886e-10,
      1040102.75,
      -4931866.0
    ],
    "q": [
      0.0,
      0.0,
      0.0,
      1.0
    ],
    "tx": [
      1000000.0,
      0.0,
      0.0,
      0.0,
      0.0,
      1000000.0,
      0.0,
      0.0,
      0.0,
      0.0,
      1000000.0,
      0.0,
      2.309492042051886e-10,
      1040102.75,
      -4931866.0,
      1.0
    ]
  },
  "explosion_locator2": {
    "p": [
      1847403.0,
      2378907.75,
      13380407.0
    ],
    "q": [
      0.0,
      0.0,
      0.0,
      1.0
    ],
    "tx": [
      1000000.0,
      0.0,
      0.0,
      0.0,
      0.0,
      1000000.0,
      0.0,
      0.0,
      0.0,
      0.0,
      1000000.0,
      0.0,
      1847403.0,
      2378907.75,
      13380407.0,
      1.0
    ]
  },
  "explosion_locator3": {
    "p": [
      -5.420033866165852e-10,
      -2440966.25,
      16267927.0
    ],
    "q": [
      0.0,
      0.0,
      0.0,
      1.0
    ],
    "tx": [
      1000000.0,
      0.0,
      0.0,
      0.0,
      0.0,
      1000000.0,
      0.0,
      0.0,
      0.0,
      0.0,
      1000000.0,
      0.0,
      -5.420033866165852e-10,
      -2440966.25,
      16267927.0,
      1.0
    ]
  },
  "explosion_locator4": {
    "p": [
      1580207.5,
      -7140.875,
      21062080.0
    ],
    "q": [
      0.0,
      0.0,
      0.0,
      1.0
    ],
    "tx": [
      1000000.0,
      0.0,
      0.0,
      0.0,
      0.0,
      1000000.0,
      0.0,
      0.0,
      0.0,
      0.0,
      1000000.0,
      0.0,
      1580207.5,
      -7140.875,
      21062080.0,
      1.0
    ]
  },
  "explosion_locator5": {
    "p": [
      -2676340.5,
      1315409.75,
      6784817.5
    ],
    "q": [
      0.0,
      0.0,
      0.0,
      1.0
    ],
    "tx": [
      1000000.0,
      0.0,
      0.0,
      0.0,
      0.0,
      1000000.0,
      0.0,
      0.0,
      0.0,
      0.0,
      1000000.0,
      0.0,
      -2676340.5,
      1315409.75,
      6784817.5,
      1.0
    ]
  },
  "large_gun_01": {
    "p": [
      269809.53125,
      642632.625,
      -7903534.5
    ],
    "q": [
      0.0,
      0.0,
      0.0,
      1.0
    ],
    "tx": [
      1000000.0,
      0.0,
      0.0,
      0.0,
      0.0,
      1000000.0,
      0.0,
      0.0,
      0.0,
      0.0,
      1000000.0,
      0.0,
      269809.53125,
      642632.625,
      -7903534.5,
      1.0
    ]
  },
  "large_gun_02": {
    "p": [
      269809.53125,
      -518112.71875,
      -7903534.5
    ],
    "q": [
      0.0,
      0.0,
      0.0,
      1.0
    ],
    "tx": [
      1000000.0,
      0.0,
      0.0,
      0.0,
      0.0,
      1000000.0,
      0.0,
      0.0,
      0.0,
      0.0,
      1000000.0,
      0.0,
      269809.53125,
      -518112.71875,
      -7903534.5,
      1.0
    ]
  },
  "large_gun_03": {
    "p": [
      -209208.9375,
      657388.6875,
      -7903534.5
    ],
    "q": [
      0.0,
      0.0,
      0.0,
      1.0
    ],
    "tx": [
      1000000.0,
      0.0,
      0.0,
      0.0,
      0.0,
      1000000.0,
      0.0,
      0.0,
      0.0,
      0.0,
      1000000.0,
      0.0,
      -209208.9375,
      657388.6875,
      -7903534.5,
      1.0
    ]
  },
  "large_gun_04": {
    "p": [
      -209208.9375,
      -503356.625,
      -7903534.5
    ],
    "q": [
      0.0,
      0.0,
      0.0,
      1.0
    ],
    "tx": [
      1000000.0,
      0.0,
      0.0,
      0.0,
      0.0,
      1000000.0,
      0.0,
      0.0,
      0.0,
      0.0,
      1000000.0,
      0.0,
      -209208.9375,
      -503356.625,
      -7903534.5,
      1.0
    ]
  },
  "medium_gun_01": {
    "p": [
      269809.53125,
      642632.625,
      -7903534.5
    ],
    "q": [
      0.0,
      0.0,
      0.0,
      1.0
    ],
    "tx": [
      1000000.0,
      0.0,
      0.0,
      0.0,
      0.0,
      1000000.0,
      0.0,
      0.0,
      0.0,
      0.0,
      1000000.0,
      0.0,
      269809.53125,
      642632.625,
      -7903534.5,
      1.0
    ]
  },
  "medium_gun_02": {
    "p": [
      269809.53125,
      -518112.71875,
      -7903534.5
    ],
    "q": [
      0.0,
      0.0,
      0.0,
      1.0
    ],
    "tx": [
      1000000.0,
      0.0,
      0.0,
      0.0,
      0.0,
      1000000.0,
      0.0,
      0.0,
      0.0,
      0.0,
      1000000.0,
      0.0,
      269809.53125,
      -518112.71875,
      -7903534.5,
      1.0
    ]
  },
  "medium_gun_03": {
    "p": [
      -209208.9375,
      657388.6875,
      -7903534.5
    ],
    "q": [
      0.0,
      0.0,
      0.0,
      1.0
    ],
    "tx": [
      1000000.0,
      0.0,
      0.0,
      0.0,
      0.0,
      1000000.0,
      0.0,
      0.0,
      0.0,
      0.0,
      1000000.0,
      0.0,
      -209208.9375,
      657388.6875,
      -7903534.5,
      1.0
    ]
  },
  "medium_gun_04": {
    "p": [
      -209208.9375,
      -503356.625,
      -7903534.5
    ],
    "q": [
      0.0,
      0.0,
      0.0,
      1.0
    ],
    "tx": [
      1000000.0,
      0.0,
      0.0,
      0.0,
      0.0,
      1000000.0,
      0.0,
      0.0,
      0.0,
      0.0,
      1000000.0,
      0.0,
      -209208.9375,
      -503356.625,
      -7903534.5,
      1.0
    ]
  },
  "part1_locator": {
    "p": [
      0.044703513383865356,
      1237530.375,
      -7317141.0
    ],
    "q": [
      2.9802322387695312e-08,
      -1.0,
      2.953012319265383e-14,
      7.549790126404332e-08
    ],
    "tx": [
      -1000000.0,
      -0.059604644775390625,
      0.15099580585956573,
      0.0,
      -0.059604644775390625,
      1000000.0,
      -5.456022478256273e-08,
      0.0,
      -0.15099580585956573,
      -6.356027171250389e-08,
      -1000000.0,
      0.0,
      0.044703513383865356,
      1237530.375,
      -7317141.0,
      1.0
    ]
  },
  "part2_back_locator": {
    "p": [
      0.04470345750451088,
      3457602.75,
      18159330.0
    ],
    "q": [
      2.9802322387695312e-08,
      -1.0,
      1.1084122799421637e-15,
      7.549790126404332e-08
    ],