{
  "explosion_locator8": {
    "p": [
      -1.7763568394002505e-15,
      0.0,
      -0.0
    ],
    "q": [
      0.0,
      0.0,
      -0.0,
      -1.0
    ],
    "pa": [
      "part1"
    ]
  },
  "explosion_locator9": {
    "p": [
      3.918338090994265e-31,
      1.0,
      -5.849999904632568
    ],
    "q": [
      0.0,
      0.7071067690849304,
      -0.0,
      -0.7071067690849304
    ],
    "pa": [
      "part2"
    ]
  },
  "explosion_locator6": {
    "p": [
      0.0,
      0.0,
      -5.960000038146973
    ],
    "q": [
      0.0,
      0.0,
      -0.0,
      -1.0
    ],
    "pa": [
      "part2"
    ]
  },
  "explosion_locator1": {
    "p": [
      -2.131600856781006,
      -0.3100000023841858,
      -0.0
    ],
    "q": [
      0.0,
      0.0,
      -0.0,
      -1.0
    ],
    "pa": [
      "part2"
    ]
  },
  "explosion_locator2": {
    "p": [
      1.2263652086257935,
      -0.3100000023841858,
      4.929999828338623
    ],
    "q": [
      0.0,
      0.0,
      -0.0,
      -1.0
    ],
    "pa": [
      "part2"
    ]
  },
  "explosion_locator3": {
    "p": [
      4.440892098500626e-16,
      0.0,
      -0.0
    ],
    "q": [
      0.0,
      0.0,
      -0.0,
      -1.0
    ],
    "pa": [
      "part3"
    ]
  },
  "explosion_locator5": {
    "p": [
      0.0,
      0.0,
      3.9446771144866943
    ],
    "q": [
      0.0,
      0.0,
      -0.0,
      -1.0
    ],
    "pa": [
      "part3"
    ]
  },
  "explosion_locator7": {
    "p": [
      0.0,
      0.0,
      -5.960000038146973
    ],
    "q": [
      0.0,
      0.0,
      -0.0,
      -1.0
    ],
    "pa": [
      "part3"
    ]
  },
  "explosion_locator4": {
    "p": [
      8.881784197001252e-16,
      0.0,
      -0.0
    ],
    "q": [
      0.0,
      0.0,
      -0.0,
      -1.0
    ],
    "pa": [
      "part4"
    ]
  }
}