{
  "0_Empty": {
    "p": [
      0.0,
      0.0,
      0.0
    ],
    "q": [
      0.0,
      0.0,
      0.0,
      1.0
    ],
    "tx": [
      1000000.0,
      0.0,
      0.0,
      0.0,
      0.0,
      1000000.0,
      0.0,
      0.0,
      0.0,
      0.0,
      1000000.0,
      0.0,
      0.0,
      0.0,
      0.0,
      1.0
    ]
  },
  "exhaust": {
    "p": [
      9.306347914517232e-10,
      -48417.08984375,
      23046006.0
    ],
    "q": [
      0.0,
      1.0,
      0.0,
      4.371138828673793e-08
    ],
    "tx": [
      -1000000.0,
      0.0,
      -0.08742277324199677,
      0.0,
      0.0,
      1000000.0,
      0.0,
      0.0,
      0.08742277324199677,
      0.0,
      -1000000.0,
      0.0,
      9.306347914517232e-10,
      -48417.08984375,
      23046006.0,
      1.0
    ]
  },
  "engine_medium_01": {
    "p": [
      0.0,
      0.0,
      19194292.0
    ],
    "q": [
      0.0,
      0.0,
      0.0,
      1.0
    ],
    "tx": [
      1000000.0,
      0.0,
      0.0,
      0.0,
      0.0,
      1000000.0,
      0.0,
      0.0,
      0.0,
      0.0,
      1000000.0,
      0.0,
      0.0,
      0.0,
      19194292.0,
      1.0
    ]
  },
  "engine_medium_02": {
    "p": [
      0.0,
      1338673.75,
      19194292.0
    ],
    "q": [
      0.0,
      0.0,
      0.0,
      1.0
    ],
    "tx": [
      1000000.0,
      0.0,
      0.0,
      0.0,
      0.0,
      1000000.0,
      0.0,
      0.0,
      0.0,
      0.0,
      1000000.0,
      0.0,
      0.0,
      1338673.75,
      19194292.0,
      1.0
    ]
  },
  "engine_medium_03": {
    "p": [
      0.0,
      -1274927.25,
      19194292.0
    ],
    "q": [
      0.0,
      0.0,
      0.0,
      1.0
    ],
    "tx": [
      1000000.0,
      0.0,
      0.0,
      0.0,
      0.0,
      1000000.0,
      0.0,
      0.0,
      0.0,
      0.0,
      1000000.0,
      0.0,
      0.0,
      -1274927.25,
      19194292.0,
      1.0
    ]
  },
  "large_gun_01": {
    "p": [
      269809.53125,
      642632.625,
      -7981934.0
    ],
    "q": [
      0.0,
      0.0,
      0.0,
      1.0
    ],
    "tx": [
      1000000.0,
      0.0,
      0.0,
      0.0,
      0.0,
      1000000.0,
      0.0,
      0.0,
      0.0,
      0.0,
      1000000.0,
      0.0,
      269809.53125,
      642632.625,
      -7981934.0,
      1.0
    ]
  },
  "large_gun_02": {
    "p": [
      269809.53125,
      -518112.71875,
      -7981934.0
    ],
    "q": [
      0.0,
      0.0,
      0.0,
      1.0
    ],
    "tx": [
      1000000.0,
      0.0,
      0.0,
      0.0,
      0.0,
      1000000.0,
      0.0,
      0.0,
      0.0,
      0.0,
      1000000.0,
      0.0,
      269809.53125,
      -518112.71875,
      -7981934.0,
      1.0
    ]
  },
  "large_gun_03": {
    "p": [
      -209208.9375,
      657388.6875,
      -7981934.0
    ],
    "q": [
      0.0,
      0.0,
      0.0,
      1.0
    ],
    "tx": [
      1000000.0,
      0.0,
      0.0,
      0.0,
      0.0,
      1000000.0,
      0.0,
      0.0,
      0.0,
      0.0,
      1000000.0,
      0.0,
      -209208.9375,
      657388.6875,
      -7981934.0,
      1.0
    ]
  },
  "large_gun_04": {
    "p": [
      -209208.9375,
      -503356.625,
      -7981934.0
    ],
    "q": [
      0.0,
      0.0,
      0.0,
      1.0
    ],
    "tx": [
      1000000.0,
      0.0,
      0.0,
      0.0,
      0.0,
      1000000.0,
      0.0,
      0.0,
      0.0,
      0.0,
      1000000.0,
      0.0,
      -209208.9375,
      -503356.625,
      -7981934.0,
      1.0
    ]
  },
  "medium_gun_01": {
    "p": [
      269809.53125,
      642632.625,
      -7981934.0
    ],
    "q": [
      0.0,
      0.0,
      0.0,
      1.0
    ],
    "tx": [
      1000000.0,
      0.0,
      0.0,
      0.0,
      0.0,
      1000000.0,
      0.0,
      0.0,
      0.0,
      0.0,
      1000000.0,
      0.0,
      269809.53125,
      642632.625,
      -7981934.0,
      1.0
    ]
  },
  "medium_gun_02": {
    "p": [
      269809.53125,
      -518112.71875,
      -7981934.0
    ],
    "q": [
      0.0,
      0.0,
      0.0,
      1.0
    ],
    "tx": [
      1000000.0,
      0.0,
      0.0,
      0.0,
      0.0,
      1000000.0,
      0.0,
      0.0,
      0.0,
      0.0,
      1000000.0,
      0.0,
      269809.53125,
      -518112.71875,
      -7981934.0,
      1.0
    ]
  },
  "medium_gun_03": {
    "p": [
      -209208.9375,
      657388.6875,
      -7981934.0
    ],
    "q": [
      0.0,
      0.0,
      0.0,
      1.0
    ],
    "tx": [
      1000000.0,
      0.0,
      0.0,
      0.0,
      0.0,
      1000000.0,
      0.0,
      0.0,
      0.0,
      0.0,
      1000000.0,
      0.0,
      -209208.9375,
      657388.6875,
      -7981934.0,
      1.0
    ]
  },
  "medium_gun_04": {
    "p": [
      -209208.9375,
      -503356.625,
      -7981934.0
    ],
    "q": [
      0.0,
      0.0,
      0.0,
      1.0
    ],
    "tx": [
      1000000.0,
      0.0,
      0.0,
      0.0,
      0.0,
      1000000.0,
      0.0,
      0.0,
      0.0,
      0.0,
      1000000.0,
      0.0,
      -209208.9375,
      -503356.625,
      -7981934.0,
      1.0
    ]
  },
  "small_gun_01": {
    "p": [
      269809.53125,
      642632.625,
      -7981934.0
    ],
    "q": [
      0.0,
      0.0,
      0.0,
      1.0
    ],
    "tx": [
      1000000.0,
      0.0,
      0.0,
      0.0,
      0.0,
      1000000.0,
      0.0,
      0.0,
      0.0,
      0.0,
      1000000.0,
      0.0,
      269809.53125,
      642632.625,
      -7981934.0,
      1.0
    ]
  },
  "small_gun_02": {
    "p": [
      269809.53125,
      -518112.71875,
      -7981934.0
    ],
    "q": [
      0.0,
      0.0,
      0.0,
      1.0
    ],
    "tx": [
      1000000.0,
      0.0,
      0.0,
      0.0,
      0.0,
      1000000.0,
      0.0,
      0.0,
      0.0,
      0.0,
      1000000.0,
      0.0,
      269809.53125,
      -518112.71875,
      -7981934.0,
      1.0
    ]
  },
  "small_gun_03": {
    "p": [
      -209208.9375,
      657388.6875,
      -7981934.0
    ],
    "q": [
      0.0,
      0.0,
      0.0,
      1.0
    ],
    "tx": [
      1000000.0,
      0.0,
      0.0,
      0.0,
      0.0,
      1000000.0,
      0.0,
      0.0,
      0.0,
      0.0,
      1000000.0,
      0.0,
      -209208.9375,
      657388.6875,
      -7981934.0,
      1.0
    ]
  },
  "small_gun_04": {
    "p": [
      -209208.9375,
      -503356.625,
      -7981934.0
    ],
    "q": [
      0.0,
      0.0,
      0.0,
      1.0
    ],
    "tx": [
      1000000.0,
      0.0,
      0.0,
      0.0,
      0.0,
      1000000.0,
      0.0,
      0.0,
      0.0,
      0.0,
      1000000.0,
      0.0,
      -209208.9375,
      -503356.625,
      -7981934.0,
      1.0
    ]
  },
  "strike_craft_locator_01": {
    "p": [
      1067222.5,
      -1526845.0,
      5415823.5
    ],
    "q": [
      0.0,
      0.0,
      0.0,
      1.0
    ],
    "tx": [
      1000000.0,
      0.0,
      0.0,
      0.0,
      0.0,
      1000000.0,
      0.0,
      0.0,
      0.0,
      0.0,
      1000000.0,
      0.0,
      1067222.5,
      -1526845.0,
      5415823.5,
      1.0
    ]
  },
  "strike_craft_locator_02": {
    "p": [
      -1105815.625,
      -1526845.0,
      5415823.5
    ],
    "q": [
      0.0,
      0.0,
      0.0,
      1.0
    ],
    "tx": [
      1000000.0,
      0.0,
      0.0,
      0.0,
      0.0,
      1000000.0,
      0.0,
      0.0,
      0.0,
      0.0,
      1000000.0,
      0.0,
      -1105815.625,
      -1526845.0,
      5415823.5,
      1.0
    ]
  },
  "xl_gun_01": {
    "p": [
      269809.53125,
      642632.625,
      -7981934.0
    ],
    "q": [
      0.0,
      0.0,
      0.0,
      1.0
    ],
    "tx": [
      1000000.0,
      0.0,
      0.0,
      0.0,
      0.0,
      1000000.0,
      0.0,
      0.0,
      0.0,
      0.0,
      1000000.0,
      0.0,
      269809.53125,
      642632.625,
      -7981934.0,
      1.0
    ]
  },
  "xl_gun_02": {
    "p": [
      269809.53125,
      -518112.71875,
      -7981934.0
    ],