{
  "exhaust.001": {
    "p": [
      0.0,
      0.0,
      20.05909538269043
    ],
    "q": [
      0.0,
      1.0,
      0.0,
      7.549790126404332e-08
    ]
  },
  "bot_1_exhaust": {
    "p": [
      -2.155895948410034,
      -0.015573904849588871,
      -12.379815101623535
    ],
    "q": [
      2.755593087044872e-08,
      0.7071067690849304,
      -2.755592909409188e-08,
      0.7071067690849304
    ],
    "pa": [
      "bot_1"
    ]
  },
  "bot_1_welding": {
    "p": [
      0.5523450374603271,
      0.040274109691381454,
      -10.049286842346191
    ],
    "q": [
      -2.0270958245305337e-08,
      -0.6956735253334045,
      -1.063368504361506e-08,
      0.7183581590652466
    ],
    "pa": [
      "bot_1"
    ]
  },
  "bot_2_exhaust": {
    "p": [
      -2.0535342693328857,
      -0.00801008939743042,
      -8.385187149047852
    ],
    "q": [
      2.755593087044872e-08,
      0.7071067690849304,
      -2.755592909409188e-08,
      0.7071067690849304
    ],
    "pa": [
      "bot_2"
    ]
  },
  "bot_2_welding": {
    "p": [
      0.5328841805458069,
      -0.008010202087461948,
      -6.067230224609375
    ],
    "q": [
      -2.755593087044872e-08,
      -0.7071067690849304,
      -3.352688793256675e-09,
      0.7071067690849304
    ],
    "pa": [
      "bot_2"
    ]
  },
  "bot_3_exhaust": {
    "p": [
      -2.114884853363037,
      0.006940791383385658,
      7.623698711395264
    ],
    "q": [
      2.755593087044872e-08,
      0.7071067690849304,
      -2.755592909409188e-08,
      0.7071067690849304
    ],
    "pa": [
      "bot_3"
    ]
  },
  "bot_3_welding": {
    "p": [
      0.47366639971733093,
      -0.009540678933262825,
      9.880416870117188
    ],
    "q": [
      -3.3526912357473293e-09,
      -0.7071067690849304,
      -2.755593087044872e-08,
      0.7071067690849304
    ],
    "pa": [
      "bot_3"
    ]
  },
  "bot_4_exhaust": {
    "p": [
      -2.1613376140594482,
      0.010147534310817719,
      11.600443840026855
    ],
    "q": [
      2.755593087044872e-08,
      0.7071067690849304,
      -2.755592909409188e-08,
      0.7071067690849304
    ],
    "pa": [
      "bot_4"
    ]
  },
  "bot_4_welding": {
    "p": [
      0.4706631302833557,
      -0.003707446390762925,
      13.876394271850586
    ],
    "q": [
      -3.3526912357473293e-09,
      -0.7071067690849304,
      -2.755593087044872e-08,
      0.7071067690849304
    ],
    "pa": [
      "bot_4"
    ]
  },
  "cons_explosion_locator1": {
    "p": [
      3.3657238483428955,
      3.2779643535614014,
      2.748933792114258
    ],
    "q": [
      0.6951065063476562,
      -0.2841324508190155,
      -0.3344633877277374,
      0.5694119334220886
    ],
    "pa": [
      "root"
    ]
  },
  "cons_explosion_locator2": {
    "p": [
      -0.9148768186569214,
      3.3801488876342773,
      -0.7426539063453674
    ],
    "q": [
      0.7265722751617432,
      0.11960139870643616,
      0.22768814861774445,
      0.6371392607688904
    ],
    "pa": [
      "root"
    ]
  },
  "cons_explosion_locator3": {
    "p": [
      -3.458559513092041,
      2.222142219543457,
      6.747034549713135
    ],
    "q": [
      0.669804036617279,
      0.09888392686843872,
      -0.18293343484401703,
      0.7128252983093262
    ],
    "pa": [
      "root"
    ]
  },
  "cons_explosion_locator4": {
    "p": [
      -7.44477653503418,
      -1.4608523845672607,
      1.3191641569137573
    ],
    "q": [
      0.08007730543613434,
      0.9614516496658325,
      0.17572136223316193,
      0.19575603306293488
    ],
    "pa": [
      "root"
    ]
  },
  "cons_explosion_locator5": {
    "p": [
      5.364681720733643,
      0.6673572063446045,
      -4.088343143463135
    ],
    "q": [
      0.11038392782211304,
      -0.690015435218811,
      0.6097981929779053,
      0.3739522397518158
    ],
    "pa": [
      "root"
    ]
  },
  "engine_medium_01": {
    "p": [
      2.502000093460083,
      -1.763572335243225,
      6.859894275665283
    ],
    "q": [
      -0.12800785899162292,
      0.9883745908737183,
      0.010536544024944305,
      0.08135467022657394
    ],
    "pa": [
      "root"
    ]
  },
  "engine_medium_02": {
    "p": [
      -2.5021495819091797,
      -1.763572335243225,
      6.859894275665283
    ],
    "q": [
      -0.12800809741020203,
      -0.9883745908737183,
      -0.010536597110331059,
      0.08135499805212021
    ],
    "pa": [
      "root"
    ]
  },
  "engine_medium_03": {
    "p": [
      2.991703987121582,
      0.44176560640335083,
      8.668131828308105
    ],
    "q": [
      -0.11743532866239548,
      -0.9928614497184753,
      -0.0024503404274582863,
      0.0207164715975523
    ],
    "pa": [
      "root"
    ]
  },
  "engine_medium_04": {
    "p": [
      -2.992000102996826,
      0.44176560640335083,
      8.668131828308105
    ],
    "q": [
      -0.1174338236451149,
      0.9928615689277649,
      0.0024506603367626667,
      0.020719483494758606
    ],
    "pa": [
      "root"
    ]
  },
  "exhaust": {
    "p": [
      0.013141879811882973,
      -1.140512466430664,
      7.0239033699035645
    ],
    "q": [
      0.0,
      1.0,
      0.0,
      4.371138828673793e-08
    ],
    "pa": [
      "root"
    ]
  },
  "light_locator_01": {
    "p": [
      -2.8552017211914062,
      -2.5008227825164795,
      -8.910839080810547
    ],
    "q": [
      0.0,
      0.0,
      0.0,
      1.0
    ],
    "pa": [
      "root"
    ]
  },
  "light_locator_02": {
    "p": [
      2.8552017211914062,
      -2.5008227825164795,
      -8.910839080810547
    ],
    "q": [
      0.0,
      0.0,
      0.0,
      1.0
    ],
    "pa": [
      "root"
    ]
  },
  "light_locator_03": {
    "p": [
      0.0,
      3.295419931411743,
      -9.711395263671875
    ],
    "q": [
      0.0,
      0.0,
      0.0,
      1.0
    ],
    "pa": [
      "root"
    ]
  }
}