{
  "0_Empty": {
    "p": [
      0.0,
      0.0,
      -5261522.5
    ],
    "q": [
      0.0,
      0.0,
      0.0,
      1.0
    ]
  },
  "engine_medium_01": {
    "p": [
      2.85316575920902e-10,
      -15509.248046875,
      13279174.0
    ],
    "q": [
      4.7503021960437763e-08,
      4.750300419686937e-08,
      0.7071066498756409,
      0.70710688829422
    ],
    "tx": [
      0.31391647458076477,
      1000000.0,
      0.0,
      0.0,
      -1000000.0,
      0.31391647458076477,
      0.13435880839824677,
      0.0,
      0.13435880839824677,
      -4.217744731249695e-08,
      1000000.0,
      0.0,
      2.85316575920902e-10,
      -15509.248046875,
      13279174.0,
      1.0
    ]
  },
  "engine_medium_02": {
    "p": [
      0.0,
      -15509.248046875,
      14675782.0
    ],
    "q": [
      4.7503021960437763e-08,
      4.750300419686937e-08,
      0.7071066498756409,
      0.70710688829422
    ],
    "tx": [
      0.31391647458076477,
      1000000.0,
      0.0,
      0.0,
      -1000000.0,
      0.31391647458076477,
      0.13435880839824677,
      0.0,
      0.13435880839824677,
      -4.217744731249695e-08,
      1000000.0,
      0.0,
      0.0,
      -15509.248046875,
      14675782.0,
      1.0
    ]
  },
  "engine_medium_03": {
    "p": [
      0.0,
      -15509.248046875,
      14224956.0
    ],
    "q": [
      4.7503021960437763e-08,
      4.750300419686937e-08,
      0.7071066498756409,
      0.70710688829422
    ],
    "tx": [
      0.31391647458076477,
      1000000.0,
      0.0,
      0.0,
      -1000000.0,
      0.31391647458076477,
      0.13435880839824677,
      0.0,
      0.13435880839824677,
      -4.217744731249695e-08,
      1000000.0,
      0.0,
      0.0,
      -15509.248046875,
      14224956.0,
      1.0
    ]
  },
  "explosion_locator1": {
    "p": [
      2.309492042051886e-10,
      1040102.75,
      1319753.0
    ],
    "q": [
      0.0,
      0.0,
      0.0,
      1.0
    ],
    "tx": [
      1000000.0,
      0.0,
      0.0,
      0.0,
      0.0,
      1000000.0,
      0.0,
      0.0,
      0.0,
      0.0,
      1000000.0,
      0.0,
      2.309492042051886e-10,
      1040102.75,
      1319753.0,
      1.0
    ]
  },
  "explosion_locator2": {
    "p": [
      1847403.0,
      1260538.875,
      12760578.0
    ],
    "q": [
      0.0,
      0.0,
      0.0,
      1.0
    ],
    "tx": [
      1000000.0,
      0.0,
      0.0,
      0.0,
      0.0,
      1000000.0,
      0.0,
      0.0,
      0.0,
      0.0,
      1000000.0,
      0.0,
      1847403.0,
      1260538.875,
      12760578.0,
      1.0
    ]
  },
  "explosion_locator3": {
    "p": [
      -2.1160119489938012e-10,
      -952967.0625,
      15032048.0
    ],
    "q": [
      0.0,
      0.0,
      0.0,
      1.0
    ],
    "tx": [
      1000000.0,
      0.0,
      0.0,
      0.0,
      0.0,
      1000000.0,
      0.0,
      0.0,
      0.0,
      0.0,
      1000000.0,
      0.0,
      -2.1160119489938012e-10,
      -952967.0625,
      15032048.0,
      1.0
    ]
  },
  "explosion_locator4": {
    "p": [
      1580207.5,
      -26096.27734375,
      16736470.0
    ],
    "q": [
      0.0,
      0.0,
      0.0,
      1.0
    ],
    "tx": [
      1000000.0,
      0.0,
      0.0,
      0.0,
      0.0,
      1000000.0,
      0.0,
      0.0,
      0.0,
      0.0,
      1000000.0,
      0.0,
      1580207.5,
      -26096.27734375,
      16736470.0,
      1.0
    ]
  },
  "explosion_locator5": {
    "p": [
      -1039780.0,
      1315409.75,
      6942159.5
    ],
    "q": [
      0.0,
      0.0,
      0.0,
      1.0
    ],
    "tx": [
      1000000.0,
      0.0,
      0.0,
      0.0,
      0.0,
      1000000.0,
      0.0,
      0.0,
      0.0,
      0.0,
      1000000.0,
      0.0,
      -1039780.0,
      1315409.75,
      6942159.5,
      1.0
    ]
  },
  "large_gun_01": {
    "p": [
      164920.328125,
      361781.0,
      -1653255.0
    ],
    "q": [
      0.0,
      0.0,
      0.0,
      1.0
    ],
    "tx": [
      1000000.0,
      0.0,
      0.0,
      0.0,
      0.0,
      1000000.0,
      0.0,
      0.0,
      0.0,
      0.0,
      1000000.0,
      0.0,
      164920.328125,
      361781.0,
      -1653255.0,
      1.0
    ]
  },
  "large_gun_02": {
    "p": [
      164920.328125,
      -216114.21875,
      -1653255.0
    ],
    "q": [
      0.0,
      0.0,
      0.0,
      1.0
    ],
    "tx": [
      1000000.0,
      0.0,
      0.0,
      0.0,
      0.0,
      1000000.0,
      0.0,
      0.0,
      0.0,
      0.0,
      1000000.0,
      0.0,
      164920.328125,
      -216114.21875,
      -1653255.0,
      1.0
    ]
  },
  "large_gun_03": {
    "p": [
      -168863.953125,
      376537.09375,
      -1651915.0
    ],
    "q": [
      0.0,
      0.0,
      0.0,
      1.0
    ],
    "tx": [
      1000000.0,
      0.0,
      0.0,
      0.0,
      0.0,
      1000000.0,
      0.0,
      0.0,
      0.0,
      0.0,
      1000000.0,
      0.0,
      -168863.953125,
      376537.09375,
      -1651915.0,
      1.0
    ]
  },
  "large_gun_04": {
    "p": [
      -168863.953125,
      -201358.140625,
      -1651915.0
    ],
    "q": [
      0.0,
      0.0,
      0.0,
      1.0
    ],
    "tx": [
      1000000.0,
      0.0,
      0.0,
      0.0,
      0.0,
      1000000.0,
      0.0,
      0.0,
      0.0,
      0.0,
      1000000.0,
      0.0,
      -168863.953125,
      -201358.140625,
      -1651915.0,
      1.0
    ]
  },
  "medium_gun_01": {
    "p": [
      164920.328125,
      361781.0,
      -1653255.0
    ],
    "q": [
      0.0,
      0.0,
      0.0,
      1.0
    ],
    "tx": [
      1000000.0,
      0.0,
      0.0,
      0.0,
      0.0,
      1000000.0,
      0.0,
      0.0,
      0.0,
      0.0,
      1000000.0,
      0.0,
      164920.328125,
      361781.0,
      -1653255.0,
      1.0
    ]
  },
  "medium_gun_02": {
    "p": [
      164920.328125,
      -216114.21875,
      -1653255.0
    ],
    "q": [
      0.0,
      0.0,
      0.0,
      1.0
    ],
    "tx": [
      1000000.0,
      0.0,
      0.0,
      0.0,
      0.0,
      1000000.0,
      0.0,
      0.0,
      0.0,
      0.0,
      1000000.0,
      0.0,
      164920.328125,
      -216114.21875,
      -1653255.0,
      1.0
    ]
  },
  "medium_gun_03": {
    "p": [
      -168863.953125,
      376537.09375,
      -1651915.0
    ],
    "q": [
      0.0,
      0.0,
      0.0,
      1.0
    ],
    "tx": [
      1000000.0,
      0.0,
      0.0,
      0.0,
      0.0,
      1000000.0,
      0.0,
      0.0,
      0.0,
      0.0,
      1000000.0,
      0.0,
      -168863.953125,
      376537.09375,
      -1651915.0,
      1.0
    ]
  },
  "medium_gun_04": {
    "p": [
      -168863.953125,
      -201358.140625,
      -1651915.0
    ],
    "q": [
      0.0,
      0.0,
      0.0,
      1.0
    ],
    "tx": [
      1000000.0,
      0.0,
      0.0,
      0.0,
      0.0,
      1000000.0,
      0.0,
      0.0,
      0.0,
      0.0,
      1000000.0,
      0.0,
      -168863.953125,
      -201358.140625,
      -1651915.0,
      1.0
    ]
  },
  "part1_locator": {
    "p": [
      0.044703513383865356,
      1237530.375,
      -1065522.0
    ],
    "q": [
      2.9802322387695312e-08,
      -1.0,
      2.953012319265383e-14,
      7.549790126404332e-08
    ],
    "tx": [
      -1000000.0,
      -0.059604644775390625,
      0.15099580585956573,
      0.0,
      -0.059604644775390625,
      1000000.0,
      -5.456022478256273e-08,
      0.0,
      -0.15099580585956573,
      -6.356027171250389e-08,
      -1000000.0,
      0.0,
      0.044703513383865356,
      1237530.375,
      -1065522.0,
      1.0
    ]
  },
  "part2_back_locator": {
    "p": [
      0.04470345750451088,
      841757.0625,
      15748214.0
    ],
    "q": [
      2.9802322387695312e-08,
      -1.0,
      1.1084122799421637e-15,
      7.549790126404332e-08
    ],