{
  "0_Empty": {
    "p": [
      0.0,
      0.0,
      0.0
    ],
    "q": [
      0.0,
      0.0,
      0.0,
      1.0
    ],
    "tx": [
      1000000.0,
      0.0,
      0.0,
      0.0,
      0.0,
      1000000.0,
      0.0,
      0.0,
      0.0,
      0.0,
      1000000.0,
      0.0,
      0.0,
      0.0,
      0.0,
      1.0
    ]
  },
  "large_gun_01": {
    "p": [
      -1.7584204925480407e-11,
      -79192.21875,
      -4967993.0
    ],
    "q": [
      0.0,
      0.0,
      0.0,
      1.0
    ],
    "tx": [
      1000000.0,
      0.0,
      0.0,
      0.0,
      0.0,
      1000000.0,
      0.0,
      0.0,
      0.0,
      0.0,
      1000000.0,
      0.0,
      -1.7584204925480407e-11,
      -79192.21875,
      -4967993.0,
      1.0
    ]
  },
  "large_gun_03": {
    "p": [
      -1.7584204925480407e-11,
      -79192.21875,
      -4967993.0
    ],
    "q": [
      0.0,
      0.0,
      0.0,
      1.0
    ],
    "tx": [
      1000000.0,
      0.0,
      0.0,
      0.0,
      0.0,
      1000000.0,
      0.0,
      0.0,
      0.0,
      0.0,
      1000000.0,
      0.0,
      -1.7584204925480407e-11,
      -79192.21875,
      -4967993.0,
      1.0
    ]
  },
  "large_gun_02": {
    "p": [
      -1.7584204925480407e-11,
      -79192.21875,
      -4967993.0
    ],
    "q": [
      0.0,
      0.0,
      0.0,
      1.0
    ],
    "tx": [
      1000000.0,
      0.0,
      0.0,
      0.0,
      0.0,
      1000000.0,
      0.0,
      0.0,
      0.0,
      0.0,
      1000000.0,
      0.0,
      -1.7584204925480407e-11,
      -79192.21875,
      -4967993.0,
      1.0
    ]
  },
  "large_gun_04": {
    "p": [
      -1.7584204925480407e-11,
      -79192.21875,
      -4967993.0
    ],
    "q": [
      0.0,
      0.0,
      0.0,
      1.0
    ],
    "tx": [
      1000000.0,
      0.0,
      0.0,
      0.0,
      0.0,
      1000000.0,
      0.0,
      0.0,
      0.0,
      0.0,
      1000000.0,
      0.0,
      -1.7584204925480407e-11,
      -79192.21875,
      -4967993.0,
      1.0
    ]
  },
  "medium_gun_01": {
    "p": [
      -1.7584204925480407e-11,
      -79192.21875,
      -4967993.0
    ],
    "q": [
      0.0,
      0.0,
      0.0,
      1.0
    ],
    "tx": [
      1000000.0,
      0.0,
      0.0,
      0.0,
      0.0,
      1000000.0,
      0.0,
      0.0,
      0.0,
      0.0,
      1000000.0,
      0.0,
      -1.7584204925480407e-11,
      -79192.21875,
      -4967993.0,
      1.0
    ]
  },
  "medium_gun_02": {
    "p": [
      -1.7584204925480407e-11,
      -79192.21875,
      -4967993.0
    ],
    "q": [
      0.0,
      0.0,
      0.0,
      1.0
    ],
    "tx": [
      1000000.0,
      0.0,
      0.0,
      0.0,
      0.0,
      1000000.0,
      0.0,
      0.0,
      0.0,
      0.0,
      1000000.0,
      0.0,
      -1.7584204925480407e-11,
      -79192.21875,
      -4967993.0,
      1.0
    ]
  },
  "medium_gun_04": {
    "p": [
      -1.7584204925480407e-11,
      -79192.21875,
      -4967993.0
    ],
    "q": [
      0.0,
      0.0,
      0.0,
      1.0
    ],
    "tx": [
      1000000.0,
      0.0,
      0.0,
      0.0,
      0.0,
      1000000.0,
      0.0,
      0.0,
      0.0,
      0.0,
      1000000.0,
      0.0,
      -1.7584204925480407e-11,
      -79192.21875,
      -4967993.0,
      1.0
    ]
  },
  "medium_gun_03": {
    "p": [
      -1.7584204925480407e-11,
      -79192.21875,
      -4967993.0
    ],
    "q": [
      0.0,
      0.0,
      0.0,
      1.0
    ],
    "tx": [
      1000000.0,
      0.0,
      0.0,
      0.0,
      0.0,
      1000000.0,
      0.0,
      0.0,
      0.0,
      0.0,
      1000000.0,
      0.0,
      -1.7584204925480407e-11,
      -79192.21875,
      -4967993.0,
      1.0
    ]
  },
  "small_gun_01": {
    "p": [
      -1.7584204925480407e-11,
      -79192.21875,
      -4967993.0
    ],
    "q": [
      0.0,
      0.0,
      0.0,
      1.0
    ],
    "tx": [
      1000000.0,
      0.0,
      0.0,
      0.0,
      0.0,
      1000000.0,
      0.0,
      0.0,
      0.0,
      0.0,
      1000000.0,
      0.0,
      -1.7584204925480407e-11,
      -79192.21875,
      -4967993.0,
      1.0
    ]
  },
  "small_gun_02": {
    "p": [
      -1.7584204925480407e-11,
      -79192.21875,
      -4967993.0
    ],
    "q": [
      0.0,
      0.0,
      0.0,
      1.0
    ],
    "tx": [
      1000000.0,
      0.0,
      0.0,
      0.0,
      0.0,
      1000000.0,
      0.0,
      0.0,
      0.0,
      0.0,
      1000000.0,
      0.0,
      -1.7584204925480407e-11,
      -79192.21875,
      -4967993.0,
      1.0
    ]
  },
  "small_gun_04": {
    "p": [
      -1.7584204925480407e-11,
      -79192.21875,
      -4967993.0
    ],
    "q": [
      0.0,
      0.0,
      0.0,
      1.0
    ],
    "tx": [
      1000000.0,
      0.0,
      0.0,
      0.0,
      0.0,
      1000000.0,
      0.0,
      0.0,
      0.0,
      0.0,
      1000000.0,
      0.0,
      -1.7584204925480407e-11,
      -79192.21875,
      -4967993.0,
      1.0
    ]
  },
  "small_gun_03": {
    "p": [
      -1.7584204925480407e-11,
      -79192.21875,
      -4967993.0
    ],
    "q": [
      0.0,
      0.0,
      0.0,
      1.0
    ],
    "tx": [
      1000000.0,
      0.0,
      0.0,
      0.0,
      0.0,
      1000000.0,
      0.0,
      0.0,
      0.0,
      0.0,
      1000000.0,
      0.0,
      -1.7584204925480407e-11,
      -79192.21875,
      -4967993.0,
      1.0
    ]
  },
  "exhaust": {
    "p": [
      9.306347914517232e-10,
      -48417.08984375,
      5368858.5
    ],
    "q": [
      0.0,
      1.0,
      0.0,
      4.371138828673793e-08
    ],
    "tx": [
      -1000000.0,
      0.0,
      -0.08742277324199677,
      0.0,
      0.0,
      1000000.0,
      0.0,
      0.0,
      0.08742277324199677,
      0.0,
      -1000000.0,
      0.0,
      9.306347914517232e-10,
      -48417.08984375,
      5368858.5,
      1.0
    ]
  }
}