{
  "light_locator_02": {
    "p": [
      0.0,
      0.0,
      46.04999923706055
    ],
    "q": [
      0.0,
      0.0,
      -0.0,
      -1.0
    ],
    "pa": [
      "arms"
    ]
  },
  "light_locator_01": {
    "p": [
      0.0,
      0.0,
      -46.05034637451172
    ],
    "q": [
      0.0,
      0.0,
      -0.0,
      -1.0
    ],
    "pa": [
      "arms"
    ]
  },
  "large_engine_01": {
    "p": [
      31.17768096923828,
      2.8301854133605957,
      -4.513814926147461
    ],
    "q": [
      0.3535533845424652,
      0.6123724579811096,
      -0.3535533845424652,
      -0.6123724579811096
    ],
    "pa": [
      "ship_local"
    ]
  },
  "large_engine_02": {
    "p": [
      31.17768096923828,
      2.8301854133605957,
      4.513814926147461
    ],
    "q": [
      -0.3535533845424652,
      0.6123724579811096,
      0.3535533845424652,
      -0.6123724579811096
    ],
    "pa": [
      "ship_local"
    ]
  },
  "large_engine_03": {
    "p": [
      31.17768096923828,
      -4.758207321166992,
      -0.0
    ],
    "q": [
      0.0,
      0.7071067690849304,
      -0.0,
      -0.7071067690849304
    ],
    "pa": [
      "ship_local"
    ]
  },
  "planet_killer_gun_01": {
    "p": [
      -14.557943344116211,
      0.0,
      -0.0
    ],
    "q": [
      0.0,
      -0.7071067690849304,
      -0.0,
      -0.7071067690849304
    ],
    "pa": [
      "ship_local"
    ]
  },
  "exhaust": {
    "p": [
      31.20326042175293,
      -4.75946044921875,
      6.928515632720995e-15
    ],
    "q": [
      0.0,
      -0.7071067690849304,
      -0.0,
      -0.7071067690849304
    ],
    "pa": [
      "ship_local"
    ]
  }
}