{
  "light_locator_01": {
    "p": [
      2.5819268226623535,
      17.26152992248535,
      -12.156573295593262
    ],
    "q": [
      0.0,
      0.0,
      0.0,
      1.0
    ]
  },
  "light_locator_02": {
    "p": [
      13.734416961669922,
      12.486047744750977,
      0.10757923126220703
    ],
    "q": [
      0.0,
      0.0,
      0.0,
      1.0
    ]
  },
  "light_locator_03": {
    "p": [
      -9.25190544128418,
      12.486047744750977,
      -3.980471611022949
    ],
    "q": [
      0.0,
      0.0,
      0.0,
      1.0
    ]
  },
  "light_locator_04": {
    "p": [
      -8.98071002960205,
      -16.689407348632812,
      5.552674293518066
    ],
    "q": [
      0.0,
      0.0,
      0.0,
      1.0
    ]
  },
  "light_locator_05": {
    "p": [
      2.792875289916992,
      29.630353927612305,
      -2.3652405738830566
    ],
    "q": [
      0.0,
      0.0,
      0.0,
      1.0
    ]
  },
  "medium_gun_01": {
    "p": [
      -2.6569461822509766,
      1.814291000366211,
      -4.091676235198975
    ],
    "q": [
      0.0,
      -1.6312477555402438e-06,
      0.0,
      1.0
    ],
    "pa": [
      "inner_section"
    ]
  },
  "medium_gun_02": {
    "p": [
      -6.140361309051514,
      17.622142791748047,
      2.7629542350769043
    ],
    "q": [
      0.0,
      -1.6312477555402438e-06,
      0.0,
      1.0
    ],
    "pa": [
      "mid_section"
    ]
  },
  "medium_gun_03": {
    "p": [
      -5.736886501312256,
      6.870689392089844,
      -6.4008917808532715
    ],
    "q": [
      0.0,
      -1.6312477555402438e-06,
      0.0,
      1.0
    ],
    "pa": [
      "mid_section"
    ]
  },
  "medium_gun_04": {
    "p": [
      -2.1921772956848145,
      6.891286849975586,
      6.138075351715088
    ],
    "q": [
      0.0,
      -1.6312477555402438e-06,
      0.0,
      1.0
    ],
    "pa": [
      "mid_section"
    ]
  },
  "medium_gun_05": {
    "p": [
      3.2559807300567627,
      27.848941802978516,
      -1.250665545463562
    ],
    "q": [
      0.0,
      -1.6312477555402438e-06,
      0.0,
      1.0
    ],
    "pa": [
      "mid_section"
    ]
  }
}