{
  "part1": {
    "p": [
      0.0,
      0.5644891262054443,
      -3.7327592372894287
    ],
    "q": [
      0.0,
      0.0,
      -0.0,
      -1.0
    ]
  },
  "part2": {
    "p": [
      0.0,
      0.5644891262054443,
      3.7327592372894287
    ],
    "q": [
      0.0,
      1.0,
      -0.0,
      -5.053215392444312e-16
    ]
  },
  "part3": {
    "p": [
      -3.7327592372894287,
      0.5644891262054443,
      -7.105427357601002e-15
    ],
    "q": [
      0.0,
      0.7071067690849304,
      -0.0,
      0.7071067690849304
    ]
  },
  "part4": {
    "p": [
      3.7327592372894287,
      0.5644891262054443,
      -7.105427357601002e-15
    ],
    "q": [
      0.0,
      0.7071067690849304,
      -0.0,
      -0.7071067690849304
    ]
  },
  "light_locator_02": {
    "p": [
      0.5972176790237427,
      -13.414306640625,
      0.02759402245283127
    ],
    "q": [
      0.0,
      0.0,
      -0.0,
      -1.0
    ]
  },
  "light_locator_01": {
    "p": [
      1.4452321529388428,
      10.230707168579102,
      -0.009783649817109108
    ],
    "q": [
      0.0,
      0.0,
      -0.0,
      -1.0
    ]
  },
  "explosion_locator_05": {
    "p": [
      0.9149794578552246,
      -3.35862398147583,
      -2.3459222316741943
    ],
    "q": [
      0.0,
      0.0,
      -0.0,
      -1.0
    ]
  },
  "explosion_locator_01": {
    "p": [
      -5.0428876876831055,
      3.7039499282836914,
      2.0242533683776855
    ],
    "q": [
      0.0,
      0.0,
      -0.0,
      -1.0
    ]
  },
  "explosion_locator_02": {
    "p": [
      0.9014479517936707,
      4.100801467895508,
      -4.616182327270508
    ],
    "q": [
      0.0,
      0.0,
      -0.0,
      -1.0
    ]
  },
  "explosion_locator_03": {
    "p": [
      0.5146400928497314,
      6.8111891746521,
      0.38436639308929443
    ],
    "q": [
      0.0,
      0.0,
      -0.0,
      -1.0
    ]
  },
  "explosion_locator_04": {
    "p": [
      4.461945533752441,
      -0.7687309980392456,
      1.6880356073379517
    ],
    "q": [
      0.0,
      0.0,
      -0.0,
      -1.0
    ]
  }
}