{
  "0_Empty": {
    "p": [
      0.0,
      0.0,
      0.0
    ],
    "q": [
      0.0,
      0.0,
      0.0,
      1.0
    ],
    "tx": [
      1000000.0,
      0.0,
      0.0,
      0.0,
      0.0,
      1000000.0,
      0.0,
      0.0,
      0.0,
      0.0,
      1000000.0,
      0.0,
      0.0,
      0.0,
      0.0,
      1.0
    ]
  },
  "engine_medium_01": {
    "p": [
      -374722.65625,
      -257279.984375,
      1150000.0
    ],
    "q": [
      0.0,
      1.0,
      0.0,
      7.549790126404332e-08
    ],
    "tx": [
      -1000000.0,
      0.0,
      -0.15099580585956573,
      0.0,
      0.0,
      1000000.0,
      0.0,
      0.0,
      0.15099580585956573,
      0.0,
      -1000000.0,
      0.0,
      -374722.65625,
      -257279.984375,
      1150000.0,
      1.0
    ]
  },
  "explosion_locator1": {
    "p": [
      1.6557144544293578e-11,
      890060.875,
      -808159.25
    ],
    "q": [
      0.0,
      0.0,
      0.0,
      1.0
    ],
    "tx": [
      1000000.0,
      0.0,
      0.0,
      0.0,
      0.0,
      1000000.0,
      0.0,
      0.0,
      0.0,
      0.0,
      1000000.0,
      0.0,
      1.6557144544293578e-11,
      890060.875,
      -808159.25,
      1.0
    ]
  },
  "explosion_locator2": {
    "p": [
      1847403.0,
      583678.25,
      -20207.404296875
    ],
    "q": [
      0.0,
      0.0,
      0.0,
      1.0
    ],
    "tx": [
      1000000.0,
      0.0,
      0.0,
      0.0,
      0.0,
      1000000.0,
      0.0,
      0.0,
      0.0,
      0.0,
      1000000.0,
      0.0,
      1847403.0,
      583678.25,
      -20207.404296875,
      1.0
    ]
  },
  "explosion_locator3": {
    "p": [
      -7.151212955136543e-11,
      -433154.09375,
      1484543.5
    ],
    "q": [
      0.0,
      0.0,
      0.0,
      1.0
    ],
    "tx": [
      1000000.0,
      0.0,
      0.0,
      0.0,
      0.0,
      1000000.0,
      0.0,
      0.0,
      0.0,
      0.0,
      1000000.0,
      0.0,
      -7.151212955136543e-11,
      -433154.09375,
      1484543.5,
      1.0
    ]
  },
  "explosion_locator4": {
    "p": [
      838939.8125,
      -515682.5625,
      648034.0625
    ],
    "q": [
      0.0,
      0.0,
      0.0,
      1.0
    ],
    "tx": [
      1000000.0,
      0.0,
      0.0,
      0.0,
      0.0,
      1000000.0,
      0.0,
      0.0,
      0.0,
      0.0,
      1000000.0,
      0.0,
      838939.8125,
      -515682.5625,
      648034.0625,
      1.0
    ]
  },
  "explosion_locator5": {
    "p": [
      -795938.0,
      543032.4375,
      626437.375
    ],
    "q": [
      0.0,
      0.0,
      0.0,
      1.0
    ],
    "tx": [
      1000000.0,
      0.0,
      0.0,
      0.0,
      0.0,
      1000000.0,
      0.0,
      0.0,
      0.0,
      0.0,
      1000000.0,
      0.0,
      -795938.0,
      543032.4375,
      626437.375,
      1.0
    ]
  },
  "large_gun_01": {
    "p": [
      180527.734375,
      64347.4296875,
      -1013363.375
    ],
    "q": [
      0.0,
      0.0,
      0.0,
      1.0
    ],
    "tx": [
      1000000.0,
      0.0,
      0.0,
      0.0,
      0.0,
      1000000.0,
      0.0,
      0.0,
      0.0,
      0.0,
      1000000.0,
      0.0,
      180527.734375,
      64347.4296875,
      -1013363.375,
      1.0
    ]
  },
  "large_gun_02": {
    "p": [
      173686.65625,
      -341681.40625,
      -895061.625
    ],
    "q": [
      0.0,
      0.0,
      0.0,
      1.0
    ],
    "tx": [
      1000000.0,
      0.0,
      0.0,
      0.0,
      0.0,
      1000000.0,
      0.0,
      0.0,
      0.0,
      0.0,
      1000000.0,
      0.0,
      173686.65625,
      -341681.40625,
      -895061.625,
      1.0
    ]
  },
  "large_gun_03": {
    "p": [
      -132682.6875,
      64347.23828125,
      -1013363.375
    ],
    "q": [
      0.0,
      0.0,
      0.0,
      1.0
    ],
    "tx": [
      1000000.0,
      0.0,
      0.0,
      0.0,
      0.0,
      1000000.0,
      0.0,
      0.0,
      0.0,
      0.0,
      1000000.0,
      0.0,
      -132682.6875,
      64347.23828125,
      -1013363.375,
      1.0
    ]
  },
  "large_gun_04": {
    "p": [
      -131590.015625,
      -333985.375,
      -895061.625
    ],
    "q": [
      0.0,
      0.0,
      0.0,
      1.0
    ],
    "tx": [
      1000000.0,
      0.0,
      0.0,
      0.0,
      0.0,
      1000000.0,
      0.0,
      0.0,
      0.0,
      0.0,
      1000000.0,
      0.0,
      -131590.015625,
      -333985.375,
      -895061.625,
      1.0
    ]
  },
  "medium_gun_01": {
    "p": [
      180527.734375,
      64347.4296875,
      -1013363.375
    ],
    "q": [
      0.0,
      0.0,
      0.0,
      1.0
    ],
    "tx": [
      1000000.0,
      0.0,
      0.0,
      0.0,
      0.0,
      1000000.0,
      0.0,
      0.0,
      0.0,
      0.0,
      1000000.0,
      0.0,
      180527.734375,
      64347.4296875,
      -1013363.375,
      1.0
    ]
  },
  "medium_gun_02": {
    "p": [
      173686.65625,
      -341681.40625,
      -895061.625
    ],
    "q": [
      0.0,
      0.0,
      0.0,
      1.0
    ],
    "tx": [
      1000000.0,
      0.0,
      0.0,
      0.0,
      0.0,
      1000000.0,
      0.0,
      0.0,
      0.0,
      0.0,
      1000000.0,
      0.0,
      173686.65625,
      -341681.40625,
      -895061.625,
      1.0
    ]
  },
  "medium_gun_03": {
    "p": [
      -132682.6875,
      64347.23828125,
      -1013363.375
    ],
    "q": [
      0.0,
      0.0,
      0.0,
      1.0
    ],
    "tx": [
      1000000.0,
      0.0,
      0.0,
      0.0,
      0.0,
      1000000.0,
      0.0,
      0.0,
      0.0,
      0.0,
      1000000.0,
      0.0,
      -132682.6875,
      64347.23828125,
      -1013363.375,
      1.0
    ]
  },
  "medium_gun_04": {
    "p": [
      -131590.015625,
      -333985.375,
      -895061.625
    ],
    "q": [
      0.0,
      0.0,
      0.0,
      1.0
    ],
    "tx": [
      1000000.0,
      0.0,
      0.0,
      0.0,
      0.0,
      1000000.0,
      0.0,
      0.0,
      0.0,
      0.0,
      1000000.0,
      0.0,
      -131590.015625,
      -333985.375,
      -895061.625,
      1.0
    ]
  },
  "part1_locator": {
    "p": [
      0.04470348358154297,
      -140051.65625,
      -477697.625
    ],
    "q": [
      2.9802322387695312e-08,
      -1.0,
      2.9530129968917407e-14,
      7.549790126404332e-08
    ],
    "tx": [
      -1000000.0,
      -0.059604644775390625,
      0.15099580585956573,
      0.0,
      -0.059604644775390625,
      1000000.0,
      -5.456023899341744e-08,
      0.0,
      -0.15099580585956573,
      -6.35602859233586e-08,
      -1000000.0,
      0.0,
      0.04470348358154297,
      -140051.65625,
      -477697.625,
      1.0
    ]
  },
  "part2_back_locator": {
    "p": [
      0.04470345750451088,
      798074.9375,
      1666207.375
    ],
    "q": [
      2.9802322387695312e-08,
      -1.0,
      1.1084122799421637e-15,
      7.549790126404332e-08
    ],
    "tx": [
      -1000000.0,
      -0.059604644775390625,
      0.15099580585956573,
      0.0,
      -0.059604644775390625,
      1000000.0,
      2.2832007395834353e-09,
      0.0,
      -0.15099580585956573,
      -6.716850187160617e-09,
      -1000000.0,
      0.0,
      0.04470345750451088,
      798074.9375,
      1666207.375,
      1.0
    ]
  },
  "part2_front_locator": {
    "p": [
      0.04470348358154297,
      563656.5625,
      -1269760.0
    ],
    "q": [
      -3.358425073007572e-15,
      -6.86252276640482e-16,
      2.9802322387695312e-08,
      1.0
    ],
    "tx": [
      1000000.0,
      0.059604644775390625,
      1.3725043324086528e-09,
      0.0,
      -0.059604644775390625,
      1000000.0,
      -6.716850187160617e-09,
      0.0,
      -1.3725047764978626e-09,
      6.716850187160617e-09,
      1000000.0,
      0.0,
      0.04470348358154297,
      563656.5625,
      -1269760.0,
      1.0
    ]
  },
  "part3_locator": {
    "p": [
      0.04470345750451088,
      -141104.578125,
      1282265.0
    ],