{
  "engine_medium_01": {
    "p": [
      0.0,
      -4.445711135864258,
      24.895858764648438
    ],
    "q": [
      4.7503021960437763e-08,
      4.7503014855010406e-08,
      0.7071067094802856,
      0.70710688829422
    ]
  },
  "engine_medium_02": {
    "p": [
      -3.2073864936828613,
      1.4237335920333862,
      25.881160736083984
    ],
    "q": [
      4.7503021960437763e-08,
      4.7503014855010406e-08,
      0.7071067094802856,
      0.70710688829422
    ]
  },
  "engine_medium_03": {
    "p": [
      3.23502779006958,
      1.471957802772522,
      25.881160736083984
    ],
    "q": [
      4.7503021960437763e-08,
      4.7503014855010406e-08,
      0.7071067094802856,
      0.70710688829422
    ]
  },
  "explosion_locator1": {
    "p": [
      4.0314038139689873e-16,
      2.6310770511627197,
      -12.758540153503418
    ],
    "q": [
      0.0,
      0.0,
      0.0,
      1.0
    ]
  },
  "explosion_locator2": {
    "p": [
      1.8474030494689941,
      3.757748603820801,
      11.179808616638184
    ],
    "q": [
      0.0,
      0.0,
      0.0,
      1.0
    ]
  },
  "explosion_locator3": {
    "p": [
      -1.0349160781418553e-15,
      -4.771939754486084,
      8.464818954467773
    ],
    "q": [
      0.0,
      0.0,
      0.0,
      1.0
    ]
  },
  "explosion_locator4": {
    "p": [
      1.5802074670791626,
      2.0363965034484863,
      14.772124290466309
    ],
    "q": [
      0.0,
      0.0,
      0.0,
      1.0
    ]
  },
  "explosion_locator5": {
    "p": [
      -4.9170331954956055,
      1.3179101943969727,
      7.620938777923584
    ],
    "q": [
      0.0,
      0.0,
      0.0,
      1.0
    ]
  },
  "large_gun_01": {
    "p": [
      0.916650652885437,
      0.4486788511276245,
      -26.428878784179688
    ],
    "q": [
      0.0,
      0.0,
      0.0,
      0.9999999403953552
    ]
  },
  "large_gun_02": {
    "p": [
      0.916650652885437,
      -0.3885515034198761,
      -26.428878784179688
    ],
    "q": [
      0.0,
      0.0,
      0.0,
      0.9999999403953552
    ]
  },
  "large_gun_03": {
    "p": [
      -0.920594334602356,
      0.47005701065063477,
      -26.42753791809082
    ],
    "q": [
      0.0,
      0.0,
      0.0,
      0.9999999403953552
    ]
  },
  "large_gun_04": {
    "p": [
      -0.920594334602356,
      -0.36717337369918823,
      -26.42753791809082
    ],
    "q": [
      0.0,
      0.0,
      0.0,
      0.9999999403953552
    ]
  },
  "medium_gun_01": {
    "p": [
      0.916650652885437,
      0.4486788511276245,
      -26.428878784179688
    ],
    "q": [
      0.0,
      0.0,
      0.0,
      0.9999999403953552
    ]
  },
  "medium_gun_02": {
    "p": [
      0.916650652885437,
      -0.3885515034198761,
      -26.428878784179688
    ],
    "q": [
      0.0,
      0.0,
      0.0,
      0.9999999403953552
    ]
  },
  "medium_gun_03": {
    "p": [
      -0.920594334602356,
      0.47005701065063477,
      -26.42753791809082
    ],
    "q": [
      0.0,
      0.0,
      0.0,
      0.9999999403953552
    ]
  },
  "medium_gun_04": {
    "p": [
      -0.920594334602356,
      -0.36717337369918823,
      -26.42753791809082
    ],
    "q": [
      0.0,
      0.0,
      0.0,
      0.9999999403953552
    ]
  },
  "part1_locator": {
    "p": [
      4.470348358154297e-08,
      0.9983237385749817,
      -4.378177642822266
    ],
    "q": [
      -2.9802322387695312e-08,
      1.0,
      -3.047744145273125e-14,
      -4.371138828673793e-08
    ]
  },
  "part2_back_locator": {
    "p": [
      4.470345871254722e-08,
      0.7306647300720215,
      5.29410457611084
    ],
    "q": [
      -2.9802322387695312e-08,
      1.0,
      -2.0557241872724797e-15,
      -4.371138828673793e-08
    ]
  },
  "part2_front_locator": {
    "p": [
      4.470348358154297e-08,
      0.9695888161659241,
      -1.966904640197754
    ],
    "q": [
      -3.358425073007572e-15,
      -6.86252276640482e-16,
      2.9802322387695312e-08,
      1.0
    ]
  },
  "part3_locator": {
    "p": [
      4.470345871254722e-08,
      1.1472891569137573,
      3.9208250045776367
    ],
    "q": [
      -3.1780140856158684e-14,
      -6.862537589481397e-16,
      2.9802322387695312e-08,
      1.0
    ]
  },
  "small_gun_01": {
    "p": [
      0.916650652885437,
      0.4486788511276245,
      -26.428878784179688
    ],
    "q": [
      0.0,
      0.0,
      0.0,
      0.9999999403953552
    ]
  },
  "small_gun_02": {
    "p": [
      0.916650652885437,
      -0.3885515034198761,
      -26.428878784179688
    ],
    "q": [
      0.0,
      0.0,
      0.0,
      0.9999999403953552
    ]
  },
  "small_gun_03": {
    "p": [
      -0.920594334602356,
      0.47005701065063477,
      -26.42753791809082
    ],
    "q": [
      0.0,
      0.0,
      0.0,
      0.9999999403953552
    ]
  },
  "small_gun_04": {
    "p": [
      -0.920594334602356,
      -0.36717337369918823,
      -26.42753791809082
    ],
    "q": [
      0.0,
      0.0,
      0.0,
      0.9999999403953552
    ]
  },
  "strike_craft_locator_01": {
    "p": [
      1.0672224760055542,
      6.73559045791626,
      3.911774158477783
    ],
    "q": [
      0.0,
      0.0,
      0.0,
      1.0
    ]
  },
  "strike_craft_locator_02": {
    "p": [
      -1.1058156490325928,
      6.73559045791626,
      3.911774158477783
    ],
    "q": [
      0.0,
      0.0,
      0.0,
      1.0
    ]
  },
  "xl_gun_01": {
    "p": [
      0.916650652885437,
      0.4486788511276245,
      -26.428878784179688
    ],
    "q": [
      0.0,
      0.0,
      0.0,
      0.9999999403953552
    ]
  },
  "xl_gun_02": {
    "p": [
      0.916650652885437,
      -0.3885515034198761,
      -26.428878784179688
    ],
    "q": [
      0.0,
      0.0,
      0.0,
      0.9999999403953552
    ]
  },
  "xl_gun_03": {
    "p": [
      -0.920594334602356,
      0.47005701065063477,
      -26.42753791809082
    ],
    "q": [
      0.0,
      0.0,
      0.0,
      0.9999999403953552
    ]
  },
  "xl_gun_04": {
    "p": [
      -0.920594334602356,
      -0.36717337369918823,
      -26.42753791809082
    ],
    "q": [
      0.0,
      0.0,
      0.0,
      0.9999999403953552
    ]
  },
  "engine_medium_04": {
    "p": [
      0.0,
      -6.493828296661377,
      24.895858764648438
    ],
    "q": [
      4.7503021960437763e-08,
      4.7503014855010406e-08,
      0.7071067094802856,
      0.70710688829422
    ]
  }
}