{
  "medium_gun_01": {
    "p": [
      -0.21606266498565674,
      0.9212459921836853,
      -6.333878517150879
    ],
    "q": [
      0.0,
      0.0,
      -0.0,
      -1.0
    ]
  },
  "medium_gun_02": {
    "p": [
      -0.21606266498565674,
      0.9212459921836853,
      -3.957329511642456
    ],
    "q": [
      0.0,
      0.0,
      -0.0,
      -1.0
    ]
  }
}