{
  "light_locator_01": {
    "p": [
      -0.1828150749206543,
      -10.021787643432617,
      -10.947680473327637
    ],
    "q": [
      0.0,
      0.0,
      -0.0,
      -1.0
    ]
  }
}