{
  "0_Empty": {
    "p": [
      0.0,
      0.0,
      0.0
    ],
    "q": [
      0.0,
      0.0,
      0.0,
      1.0
    ],
    "tx": [
      1000000.0,
      0.0,
      0.0,
      0.0,
      0.0,
      1000000.0,
      0.0,
      0.0,
      0.0,
      0.0,
      1000000.0,
      0.0,
      0.0,
      0.0,
      0.0,
      1.0
    ]
  },
  "exhaust": {
    "p": [
      3.2119717996437203e-10,
      437201.25,
      25634546.0
    ],
    "q": [
      0.0,
      0.0,
      0.0,
      1.0
    ],
    "tx": [
      1000000.0,
      0.0,
      0.0,
      0.0,
      0.0,
      1000000.0,
      0.0,
      0.0,
      0.0,
      0.0,
      1000000.0,
      0.0,
      3.2119717996437203e-10,
      437201.25,
      25634546.0,
      1.0
    ]
  },
  "engine_medium_01": {
    "p": [
      0.0,
      5064371.5,
      22008456.0
    ],
    "q": [
      -0.0,
      -1.0,
      -0.0,
      7.549790126404332e-08
    ],
    "tx": [
      -1000000.0,
      0.0,
      0.15099580585956573,
      0.0,
      0.0,
      1000000.0,
      0.0,
      0.0,
      -0.15099580585956573,
      0.0,
      -1000000.0,
      0.0,
      0.0,
      5064371.5,
      22008456.0,
      1.0
    ]
  },
  "engine_medium_02": {
    "p": [
      0.0,
      -5200381.5,
      21898712.0
    ],
    "q": [
      -0.0,
      -1.0,
      -0.0,
      7.549790126404332e-08
    ],
    "tx": [
      -1000000.0,
      0.0,
      0.15099580585956573,
      0.0,
      0.0,
      1000000.0,
      0.0,
      0.0,
      -0.15099580585956573,
      0.0,
      -1000000.0,
      0.0,
      0.0,
      -5200381.5,
      21898712.0,
      1.0
    ]
  },
  "engine_medium_03": {
    "p": [
      3335407.0,
      962888.125,
      22325802.0
    ],
    "q": [
      -0.0,
      -1.0,
      -0.0,
      7.549790126404332e-08
    ],
    "tx": [
      -1000000.0,
      0.0,
      0.15099580585956573,
      0.0,
      0.0,
      1000000.0,
      0.0,
      0.0,
      -0.15099580585956573,
      0.0,
      -1000000.0,
      0.0,
      3335407.0,
      962888.125,
      22325802.0,
      1.0
    ]
  },
  "explosion_locator1": {
    "p": [
      1155894.625,
      224419.109375,
      -17614032.0
    ],
    "q": [
      0.0,
      0.0,
      0.0,
      1.0
    ],
    "tx": [
      1000000.0,
      0.0,
      0.0,
      0.0,
      0.0,
      1000000.0,
      0.0,
      0.0,
      0.0,
      0.0,
      1000000.0,
      0.0,
      1155894.625,
      224419.109375,
      -17614032.0,
      1.0
    ]
  },
  "explosion_locator2": {
    "p": [
      368498.90625,
      4038969.5,
      3003881.5
    ],
    "q": [
      0.0,
      0.0,
      0.0,
      1.0
    ],
    "tx": [
      1000000.0,
      0.0,
      0.0,
      0.0,
      0.0,
      1000000.0,
      0.0,
      0.0,
      0.0,
      0.0,
      1000000.0,
      0.0,
      368498.90625,
      4038969.5,
      3003881.5,
      1.0
    ]
  },
  "explosion_locator3": {
    "p": [
      -8.696546816011619e-10,
      -3916576.5,
      7231748.5
    ],
    "q": [
      0.0,
      0.0,
      0.0,
      1.0
    ],
    "tx": [
      1000000.0,
      0.0,
      0.0,
      0.0,
      0.0,
      1000000.0,
      0.0,
      0.0,
      0.0,
      0.0,
      1000000.0,
      0.0,
      -8.696546816011619e-10,
      -3916576.5,
      7231748.5,
      1.0
    ]
  },
  "explosion_locator4": {
    "p": [
      7.405652757697112e-10,
      3335209.5,
      16197035.0
    ],
    "q": [
      0.0,
      0.0,
      0.0,
      1.0
    ],
    "tx": [
      1000000.0,
      0.0,
      0.0,
      0.0,
      0.0,
      1000000.0,
      0.0,
      0.0,
      0.0,
      0.0,
      1000000.0,
      0.0,
      7.405652757697112e-10,
      3335209.5,
      16197035.0,
      1.0
    ]
  },
  "explosion_locator5": {
    "p": [
      -1950832.25,
      430044.1875,
      -3604006.75
    ],
    "q": [
      0.0,
      0.0,
      0.0,
      1.0
    ],
    "tx": [
      1000000.0,
      0.0,
      0.0,
      0.0,
      0.0,
      1000000.0,
      0.0,
      0.0,
      0.0,
      0.0,
      1000000.0,
      0.0,
      -1950832.25,
      430044.1875,
      -3604006.75,
      1.0
    ]
  },
  "large_gun_01": {
    "p": [
      503825.25,
      348589.53125,
      -27912610.0
    ],
    "q": [
      0.0,
      0.0,
      0.0,
      1.0
    ],
    "tx": [
      1000000.0,
      0.0,
      0.0,
      0.0,
      0.0,
      1000000.0,
      0.0,
      0.0,
      0.0,
      0.0,
      1000000.0,
      0.0,
      503825.25,
      348589.53125,
      -27912610.0,
      1.0
    ]
  },
  "large_gun_02": {
    "p": [
      350115.875,
      -843593.875,
      -21788456.0
    ],
    "q": [
      0.0,
      0.0,
      0.0,
      1.0
    ],
    "tx": [
      1000000.0,
      0.0,
      0.0,
      0.0,
      0.0,
      1000000.0,
      0.0,
      0.0,
      0.0,
      0.0,
      1000000.0,
      0.0,
      350115.875,
      -843593.875,
      -21788456.0,
      1.0
    ]
  },
  "large_gun_03": {
    "p": [
      -478207.0625,
      363345.75,
      -27912610.0
    ],
    "q": [
      0.0,
      0.0,
      0.0,
      1.0
    ],
    "tx": [
      1000000.0,
      0.0,
      0.0,
      0.0,
      0.0,
      1000000.0,
      0.0,
      0.0,
      0.0,
      0.0,
      1000000.0,
      0.0,
      -478207.0625,
      363345.75,
      -27912610.0,
      1.0
    ]
  },
  "large_gun_04": {
    "p": [
      -512364.6875,
      -828837.6875,
      -21788456.0
    ],
    "q": [
      0.0,
      0.0,
      0.0,
      1.0
    ],
    "tx": [
      1000000.0,
      0.0,
      0.0,
      0.0,
      0.0,
      1000000.0,
      0.0,
      0.0,
      0.0,
      0.0,
      1000000.0,
      0.0,
      -512364.6875,
      -828837.6875,
      -21788456.0,
      1.0
    ]
  },
  "medium_gun_01": {
    "p": [
      503825.25,
      348589.53125,
      -27912610.0
    ],
    "q": [
      0.0,
      0.0,
      0.0,
      1.0
    ],
    "tx": [
      1000000.0,
      0.0,
      0.0,
      0.0,
      0.0,
      1000000.0,
      0.0,
      0.0,
      0.0,
      0.0,
      1000000.0,
      0.0,
      503825.25,
      348589.53125,
      -27912610.0,
      1.0
    ]
  },
  "medium_gun_02": {
    "p": [
      350115.875,
      -843593.875,
      -21788456.0
    ],
    "q": [
      0.0,
      0.0,
      0.0,
      1.0
    ],
    "tx": [
      1000000.0,
      0.0,
      0.0,
      0.0,
      0.0,
      1000000.0,
      0.0,
      0.0,
      0.0,
      0.0,
      1000000.0,
      0.0,
      350115.875,
      -843593.875,
      -21788456.0,
      1.0
    ]
  },
  "medium_gun_03": {
    "p": [
      -478207.0625,
      363345.75,
      -27912610.0
    ],
    "q": [
      0.0,
      0.0,
      0.0,
      1.0
    ],
    "tx": [
      1000000.0,
      0.0,
      0.0,
      0.0,
      0.0,
      1000000.0,
      0.0,
      0.0,
      0.0,
      0.0,
      1000000.0,
      0.0,
      -478207.0625,
      363345.75,
      -27912610.0,
      1.0
    ]
  },
  "medium_gun_04": {
    "p": [
      -512364.6875,
      -828837.6875,
      -21788456.0
    ],
    "q": [
      0.0,
      0.0,
      0.0,
      1.0
    ],
    "tx": [
      1000000.0,
      0.0,
      0.0,
      0.0,
      0.0,
      1000000.0,
      0.0,
      0.0,
      0.0,
      0.0,
      1000000.0,
      0.0,
      -512364.6875,
      -828837.6875,
      -21788456.0,
      1.0
    ]
  },
  "part1_locator": {
    "p": [
      0.044703513383865356,
      2692646.25,
      -8760652.0
    ],
    "q": [
      2.9802322387695312e-08,
      -1.0,
      2.953012319265383e-14,
      7.549790126404332e-08
    ],
    "tx": [
      -1000000.0,
      -0.059604644775390625,
      0.15099580585956573,
      0.0,
      -0.059604644775390625,
      1000000.0,
      -5.456022478256273e-08,
      0.0,
      -0.15099580585956573,
      -6.356027171250389e-08,
      -1000000.0,
      0.0,
      0.044703513383865356,
      2692646.25,
      -8760652.0,
      1.0
    ]
  },
  "part2_back_locator": {
    "p": [
      0.04470345750451088,
      3457602.75,
      21439824.0
    ],