{
  "0_Empty": {
    "p": [
      0.0,
      0.0,
      0.0
    ],
    "q": [
      0.0,
      0.0,
      0.0,
      1.0
    ],
    "tx": [
      1000000.0,
      0.0,
      0.0,
      0.0,
      0.0,
      1000000.0,
      0.0,
      0.0,
      0.0,
      0.0,
      1000000.0,
      0.0,
      0.0,
      0.0,
      0.0,
      1.0
    ]
  },
  "exhaust": {
    "p": [
      9.602574291278643e-10,
      3315272.75,
      23151104.0
    ],
    "q": [
      0.0,
      0.0,
      0.0,
      1.0
    ],
    "tx": [
      1000000.0,
      0.0,
      0.0,
      0.0,
      0.0,
      1000000.0,
      0.0,
      0.0,
      0.0,
      0.0,
      1000000.0,
      0.0,
      9.602574291278643e-10,
      3315272.75,
      23151104.0,
      1.0
    ]
  },
  "engine_medium_01": {
    "p": [
      0.0,
      3442474.0,
      19687804.0
    ],
    "q": [
      -0.0,
      -1.0,
      -0.0,
      7.549790126404332e-08
    ],
    "tx": [
      -1000000.0,
      0.0,
      0.15099580585956573,
      0.0,
      0.0,
      1000000.0,
      0.0,
      0.0,
      -0.15099580585956573,
      0.0,
      -1000000.0,
      0.0,
      0.0,
      3442474.0,
      19687804.0,
      1.0
    ]
  },
  "engine_medium_02": {
    "p": [
      5782360.5,
      2217538.75,
      16200302.0
    ],
    "q": [
      -0.0,
      -1.0,
      -0.0,
      7.549790126404332e-08
    ],
    "tx": [
      -1000000.0,
      0.0,
      0.15099580585956573,
      0.0,
      0.0,
      1000000.0,
      0.0,
      0.0,
      -0.15099580585956573,
      0.0,
      -1000000.0,
      0.0,
      5782360.5,
      2217538.75,
      16200302.0,
      1.0
    ]
  },
  "engine_medium_03": {
    "p": [
      -5774172.0,
      2149901.5,
      16216143.0
    ],
    "q": [
      -0.0,
      -1.0,
      -0.0,
      7.549790126404332e-08
    ],
    "tx": [
      -1000000.0,
      0.0,
      0.15099580585956573,
      0.0,
      0.0,
      1000000.0,
      0.0,
      0.0,
      -0.15099580585956573,
      0.0,
      -1000000.0,
      0.0,
      -5774172.0,
      2149901.5,
      16216143.0,
      1.0
    ]
  },
  "explosion_locator1": {
    "p": [
      1155894.625,
      224419.109375,
      -17614032.0
    ],
    "q": [
      0.0,
      0.0,
      0.0,
      1.0
    ],
    "tx": [
      1000000.0,
      0.0,
      0.0,
      0.0,
      0.0,
      1000000.0,
      0.0,
      0.0,
      0.0,
      0.0,
      1000000.0,
      0.0,
      1155894.625,
      224419.109375,
      -17614032.0,
      1.0
    ]
  },
  "explosion_locator2": {
    "p": [
      368498.90625,
      4038969.5,
      3003881.5
    ],
    "q": [
      0.0,
      0.0,
      0.0,
      1.0
    ],
    "tx": [
      1000000.0,
      0.0,
      0.0,
      0.0,
      0.0,
      1000000.0,
      0.0,
      0.0,
      0.0,
      0.0,
      1000000.0,
      0.0,
      368498.90625,
      4038969.5,
      3003881.5,
      1.0
    ]
  },
  "explosion_locator3": {
    "p": [
      -8.696546816011619e-10,
      -3916576.5,
      7231748.5
    ],
    "q": [
      0.0,
      0.0,
      0.0,
      1.0
    ],
    "tx": [
      1000000.0,
      0.0,
      0.0,
      0.0,
      0.0,
      1000000.0,
      0.0,
      0.0,
      0.0,
      0.0,
      1000000.0,
      0.0,
      -8.696546816011619e-10,
      -3916576.5,
      7231748.5,
      1.0
    ]
  },
  "explosion_locator4": {
    "p": [
      7.405652757697112e-10,
      3335209.5,
      16197035.0
    ],
    "q": [
      0.0,
      0.0,
      0.0,
      1.0
    ],
    "tx": [
      1000000.0,
      0.0,
      0.0,
      0.0,
      0.0,
      1000000.0,
      0.0,
      0.0,
      0.0,
      0.0,
      1000000.0,
      0.0,
      7.405652757697112e-10,
      3335209.5,
      16197035.0,
      1.0
    ]
  },
  "explosion_locator5": {
    "p": [
      -3293082.25,
      430044.1875,
      -3604006.75
    ],
    "q": [
      0.0,
      0.0,
      0.0,
      1.0
    ],
    "tx": [
      1000000.0,
      0.0,
      0.0,
      0.0,
      0.0,
      1000000.0,
      0.0,
      0.0,
      0.0,
      0.0,
      1000000.0,
      0.0,
      -3293082.25,
      430044.1875,
      -3604006.75,
      1.0
    ]
  },
  "large_gun_01": {
    "p": [
      336610.78125,
      1127154.625,
      -24784896.0
    ],
    "q": [
      0.0,
      0.0,
      0.0,
      1.0
    ],
    "tx": [
      1000000.0,
      0.0,
      0.0,
      0.0,
      0.0,
      1000000.0,
      0.0,
      0.0,
      0.0,
      0.0,
      1000000.0,
      0.0,
      336610.78125,
      1127154.625,
      -24784896.0,
      1.0
    ]
  },
  "large_gun_02": {
    "p": [
      335264.71875,
      75089.875,
      -24739792.0
    ],
    "q": [
      0.0,
      0.0,
      0.0,
      1.0
    ],
    "tx": [
      1000000.0,
      0.0,
      0.0,
      0.0,
      0.0,
      1000000.0,
      0.0,
      0.0,
      0.0,
      0.0,
      1000000.0,
      0.0,
      335264.71875,
      75089.875,
      -24739792.0,
      1.0
    ]
  },
  "large_gun_03": {
    "p": [
      -342633.5,
      1100593.125,
      -24784896.0
    ],
    "q": [
      0.0,
      0.0,
      0.0,
      1.0
    ],
    "tx": [
      1000000.0,
      0.0,
      0.0,
      0.0,
      0.0,
      1000000.0,
      0.0,
      0.0,
      0.0,
      0.0,
      1000000.0,
      0.0,
      -342633.5,
      1100593.125,
      -24784896.0,
      1.0
    ]
  },
  "large_gun_04": {
    "p": [
      -363457.71875,
      89846.078125,
      -24739792.0
    ],
    "q": [
      0.0,
      0.0,
      0.0,
      1.0
    ],
    "tx": [
      1000000.0,
      0.0,
      0.0,
      0.0,
      0.0,
      1000000.0,
      0.0,
      0.0,
      0.0,
      0.0,
      1000000.0,
      0.0,
      -363457.71875,
      89846.078125,
      -24739792.0,
      1.0
    ]
  },
  "medium_gun_01": {
    "p": [
      336610.78125,
      1127154.625,
      -24784896.0
    ],
    "q": [
      0.0,
      0.0,
      0.0,
      1.0
    ],
    "tx": [
      1000000.0,
      0.0,
      0.0,
      0.0,
      0.0,
      1000000.0,
      0.0,
      0.0,
      0.0,
      0.0,
      1000000.0,
      0.0,
      336610.78125,
      1127154.625,
      -24784896.0,
      1.0
    ]
  },
  "medium_gun_02": {
    "p": [
      335264.71875,
      75089.875,
      -24739792.0
    ],
    "q": [
      0.0,
      0.0,
      0.0,
      1.0
    ],
    "tx": [
      1000000.0,
      0.0,
      0.0,
      0.0,
      0.0,
      1000000.0,
      0.0,
      0.0,
      0.0,
      0.0,
      1000000.0,
      0.0,
      335264.71875,
      75089.875,
      -24739792.0,
      1.0
    ]
  },
  "medium_gun_03": {
    "p": [
      -342633.5,
      1100593.125,
      -24784896.0
    ],
    "q": [
      0.0,
      0.0,
      0.0,
      1.0
    ],
    "tx": [
      1000000.0,
      0.0,
      0.0,
      0.0,
      0.0,
      1000000.0,
      0.0,
      0.0,
      0.0,
      0.0,
      1000000.0,
      0.0,
      -342633.5,
      1100593.125,
      -24784896.0,
      1.0
    ]
  },
  "medium_gun_04": {
    "p": [
      -363457.71875,
      89846.078125,
      -24739792.0
    ],
    "q": [
      0.0,
      0.0,
      0.0,
      1.0
    ],
    "tx": [
      1000000.0,
      0.0,
      0.0,
      0.0,
      0.0,
      1000000.0,
      0.0,
      0.0,
      0.0,
      0.0,
      1000000.0,
      0.0,
      -363457.71875,
      89846.078125,
      -24739792.0,
      1.0
    ]
  },
  "part1_locator": {
    "p": [
      0.0,
      0.0,
      0.0
    ],
    "q": [
      2.9802322387695312e-08,
      -1.0,
      -2.2500127930654085e-15,
      7.549790126404332e-08
    ],
    "tx": [
      -1000000.0,
      -0.059604644775390625,
      0.15099580585956573,
      0.0,
      -0.059604644775390625,
      1000000.0,
      9.000051370833262e-09,
      0.0,
      -0.15099580585956573,
      0.0,
      -1000000.0,
      0.0,
      0.0,
      0.0,
      0.0,
      1.0
    ]
  },
  "part2_back_locator": {
    "p": [
      0.0,
      0.0,
      0.0
    ],
    "q": [
      2.9802322387695312e-08,
      -1.0,
      1.1084122799421637e-15,
      7.549790126404332e-08
    ],