{
  "0_Empty": {
    "p": [
      0.0,
      0.0,
      0.0
    ],
    "q": [
      0.0,
      0.0,
      0.0,
      1.0
    ],
    "tx": [
      1000000.0,
      0.0,
      0.0,
      0.0,
      0.0,
      1000000.0,
      0.0,
      0.0,
      0.0,
      0.0,
      1000000.0,
      0.0,
      0.0,
      0.0,
      0.0,
      1.0
    ]
  },
  "engine_medium_01": {
    "p": [
      -146112.40625,
      879447.3125,
      31126658.0
    ],
    "q": [
      -0.0,
      -1.0,
      -0.0,
      7.549790126404332e-08
    ],
    "tx": [
      -1000000.0,
      0.0,
      0.15099580585956573,
      0.0,
      0.0,
      1000000.0,
      0.0,
      0.0,
      -0.15099580585956573,
      0.0,
      -1000000.0,
      0.0,
      -146112.40625,
      879447.3125,
      31126658.0,
      1.0
    ]
  },
  "engine_medium_02": {
    "p": [
      3918942.0,
      1369815.625,
      27518136.0
    ],
    "q": [
      -0.0,
      -1.0,
      -0.0,
      7.549790126404332e-08
    ],
    "tx": [
      -1000000.0,
      0.0,
      0.15099580585956573,
      0.0,
      0.0,
      1000000.0,
      0.0,
      0.0,
      -0.15099580585956573,
      0.0,
      -1000000.0,
      0.0,
      3918942.0,
      1369815.625,
      27518136.0,
      1.0
    ]
  },
  "engine_medium_03": {
    "p": [
      -4091876.0,
      1462619.5,
      27580270.0
    ],
    "q": [
      -0.0,
      -1.0,
      -0.0,
      7.549790126404332e-08
    ],
    "tx": [
      -1000000.0,
      0.0,
      0.15099580585956573,
      0.0,
      0.0,
      1000000.0,
      0.0,
      0.0,
      -0.15099580585956573,
      0.0,
      -1000000.0,
      0.0,
      -4091876.0,
      1462619.5,
      27580270.0,
      1.0
    ]
  },
  "explosion_locator1": {
    "p": [
      1155894.625,
      224419.109375,
      -17614032.0
    ],
    "q": [
      0.0,
      0.0,
      0.0,
      1.0
    ],
    "tx": [
      1000000.0,
      0.0,
      0.0,
      0.0,
      0.0,
      1000000.0,
      0.0,
      0.0,
      0.0,
      0.0,
      1000000.0,
      0.0,
      1155894.625,
      224419.109375,
      -17614032.0,
      1.0
    ]
  },
  "explosion_locator2": {
    "p": [
      368498.90625,
      4038969.5,
      3003881.5
    ],
    "q": [
      0.0,
      0.0,
      0.0,
      1.0
    ],
    "tx": [
      1000000.0,
      0.0,
      0.0,
      0.0,
      0.0,
      1000000.0,
      0.0,
      0.0,
      0.0,
      0.0,
      1000000.0,
      0.0,
      368498.90625,
      4038969.5,
      3003881.5,
      1.0
    ]
  },
  "explosion_locator3": {
    "p": [
      -8.696546816011619e-10,
      -3916576.5,
      7231748.5
    ],
    "q": [
      0.0,
      0.0,
      0.0,
      1.0
    ],
    "tx": [
      1000000.0,
      0.0,
      0.0,
      0.0,
      0.0,
      1000000.0,
      0.0,
      0.0,
      0.0,
      0.0,
      1000000.0,
      0.0,
      -8.696546816011619e-10,
      -3916576.5,
      7231748.5,
      1.0
    ]
  },
  "explosion_locator4": {
    "p": [
      7.405652757697112e-10,
      3335209.5,
      16197035.0
    ],
    "q": [
      0.0,
      0.0,
      0.0,
      1.0
    ],
    "tx": [
      1000000.0,
      0.0,
      0.0,
      0.0,
      0.0,
      1000000.0,
      0.0,
      0.0,
      0.0,
      0.0,
      1000000.0,
      0.0,
      7.405652757697112e-10,
      3335209.5,
      16197035.0,
      1.0
    ]
  },
  "explosion_locator5": {
    "p": [
      -3293082.25,
      430044.1875,
      -3604006.75
    ],
    "q": [
      0.0,
      0.0,
      0.0,
      1.0
    ],
    "tx": [
      1000000.0,
      0.0,
      0.0,
      0.0,
      0.0,
      1000000.0,
      0.0,
      0.0,
      0.0,
      0.0,
      1000000.0,
      0.0,
      -3293082.25,
      430044.1875,
      -3604006.75,
      1.0
    ]
  },
  "large_gun_01": {
    "p": [
      1131891.625,
      688386.75,
      -18905754.0
    ],
    "q": [
      0.0,
      0.0,
      0.0,
      1.0
    ],
    "tx": [
      1000000.0,
      0.0,
      0.0,
      0.0,
      0.0,
      1000000.0,
      0.0,
      0.0,
      0.0,
      0.0,
      1000000.0,
      0.0,
      1131891.625,
      688386.75,
      -18905754.0,
      1.0
    ]
  },
  "large_gun_02": {
    "p": [
      -958737.6875,
      710267.5,
      -18967210.0
    ],
    "q": [
      0.0,
      0.0,
      0.0,
      1.0
    ],
    "tx": [
      1000000.0,
      0.0,
      0.0,
      0.0,
      0.0,
      1000000.0,
      0.0,
      0.0,
      0.0,
      0.0,
      1000000.0,
      0.0,
      -958737.6875,
      710267.5,
      -18967210.0,
      1.0
    ]
  },
  "large_gun_03": {
    "p": [
      -988427.875,
      94341.25,
      -18905754.0
    ],
    "q": [
      0.0,
      0.0,
      0.0,
      1.0
    ],
    "tx": [
      1000000.0,
      0.0,
      0.0,
      0.0,
      0.0,
      1000000.0,
      0.0,
      0.0,
      0.0,
      0.0,
      1000000.0,
      0.0,
      -988427.875,
      94341.25,
      -18905754.0,
      1.0
    ]
  },
  "large_gun_04": {
    "p": [
      656980.9375,
      95928.5,
      -18952600.0
    ],
    "q": [
      0.0,
      0.0,
      0.0,
      1.0
    ],
    "tx": [
      1000000.0,
      0.0,
      0.0,
      0.0,
      0.0,
      1000000.0,
      0.0,
      0.0,
      0.0,
      0.0,
      1000000.0,
      0.0,
      656980.9375,
      95928.5,
      -18952600.0,
      1.0
    ]
  },
  "medium_gun_01": {
    "p": [
      1111598.25,
      -529216.75,
      -18905754.0
    ],
    "q": [
      0.0,
      0.0,
      0.0,
      1.0
    ],
    "tx": [
      1000000.0,
      0.0,
      0.0,
      0.0,
      0.0,
      1000000.0,
      0.0,
      0.0,
      0.0,
      0.0,
      1000000.0,
      0.0,
      1111598.25,
      -529216.75,
      -18905754.0,
      1.0
    ]
  },
  "medium_gun_02": {
    "p": [
      -1007780.1875,
      -558069.625,
      -17433030.0
    ],
    "q": [
      0.0,
      0.0,
      0.0,
      1.0
    ],
    "tx": [
      1000000.0,
      0.0,
      0.0,
      0.0,
      0.0,
      1000000.0,
      0.0,
      0.0,
      0.0,
      0.0,
      1000000.0,
      0.0,
      -1007780.1875,
      -558069.625,
      -17433030.0,
      1.0
    ]
  },
  "medium_gun_03": {
    "p": [
      -1406133.5,
      -507696.03125,
      -18905754.0
    ],
    "q": [
      0.0,
      0.0,
      0.0,
      1.0
    ],
    "tx": [
      1000000.0,
      0.0,
      0.0,
      0.0,
      0.0,
      1000000.0,
      0.0,
      0.0,
      0.0,
      0.0,
      1000000.0,
      0.0,
      -1406133.5,
      -507696.03125,
      -18905754.0,
      1.0
    ]
  },
  "medium_gun_04": {
    "p": [
      1096671.25,
      -534857.875,
      -17433030.0
    ],
    "q": [
      0.0,
      0.0,
      0.0,
      1.0
    ],
    "tx": [
      1000000.0,
      0.0,
      0.0,
      0.0,
      0.0,
      1000000.0,
      0.0,
      0.0,
      0.0,
      0.0,
      1000000.0,
      0.0,
      1096671.25,
      -534857.875,
      -17433030.0,
      1.0
    ]
  },
  "part1_locator": {
    "p": [
      0.0,
      0.0,
      0.0
    ],
    "q": [
      2.9802322387695312e-08,
      -1.0,
      -2.2500127930654085e-15,
      7.549790126404332e-08
    ],
    "tx": [
      -1000000.0,
      -0.059604644775390625,
      0.15099580585956573,
      0.0,
      -0.059604644775390625,
      1000000.0,
      9.000051370833262e-09,
      0.0,
      -0.15099580585956573,
      0.0,
      -1000000.0,
      0.0,
      0.0,
      0.0,
      0.0,
      1.0
    ]
  },
  "part2_back_locator": {
    "p": [
      0.0,
      0.0,
      0.0
    ],
    "q": [
      2.9802322387695312e-08,
      -1.0,
      1.1084122799421637e-15,
      7.549790126404332e-08
    ],
    "tx": [
      -1000000.0,
      -0.059604644775390625,
      0.15099580585956573,
      0.0,
      -0.059604644775390625,
      1000000.0,
      2.2832007395834353e-09,
      0.0,
      -0.15099580585956573,
      -6.716850187160617e-09,
      -1000000.0,
      0.0,
      0.0,
      0.0,
      0.0,
      1.0
    ]
  },
  "part2_front_locator": {
    "p": [
      0.0,
      0.0,
      0.0
    ],