{
  "engine_medium_01": {
    "p": [
      -2.945781033227678e-18,
      -1.2997249364852905,
      23.592571258544922
    ],
    "q": [
      4.750302551315144e-08,
      -4.750301130229673e-08,
      -0.7071066498756409,
      0.70710688829422
    ],
    "tx": [
      3.139164817846096e-13,
      -9.999999974752427e-07,
      0.0,
      0.0,
      9.999999974752427e-07,
      3.139164817846096e-13,
      1.3435883265341952e-13,
      0.0,
      -1.3435883265341952e-13,
      -4.217744829559018e-20,
      9.999999974752427e-07,
      0.0,
      -2.945781033227678e-18,
      -1.2997249364852905,
      23.592571258544922,
      1.0
    ]
  },
  "engine_medium_02": {
    "p": [
      2.835885524749756,
      -1.4464049339294434,
      23.499286651611328
    ],
    "q": [
      4.750302551315144e-08,
      -4.750301130229673e-08,
      -0.7071066498756409,
      0.70710688829422
    ],
    "tx": [
      3.139164817846096e-13,
      -9.999999974752427e-07,
      0.0,
      0.0,
      9.999999974752427e-07,
      3.139164817846096e-13,
      1.3435883265341952e-13,
      0.0,
      -1.3435883265341952e-13,
      -4.217744829559018e-20,
      9.999999974752427e-07,
      0.0,
      2.835885524749756,
      -1.4464049339294434,
      23.499286651611328,
      1.0
    ]
  },
  "engine_medium_03": {
    "p": [
      -2.995729446411133,
      -1.4198716878890991,
      23.499286651611328
    ],
    "q": [
      4.750302551315144e-08,
      -4.750301130229673e-08,
      -0.7071066498756409,
      0.70710688829422
    ],
    "tx": [
      3.139164817846096e-13,
      -9.999999974752427e-07,
      0.0,
      0.0,
      9.999999974752427e-07,
      3.139164817846096e-13,
      1.3435883265341952e-13,
      0.0,
      -1.3435883265341952e-13,
      -4.217744829559018e-20,
      9.999999974752427e-07,
      0.0,
      -2.995729446411133,
      -1.4198716878890991,
      23.499286651611328,
      1.0
    ]
  },
  "exhaust": {
    "p": [
      9.306347815109446e-16,
      -1.4665489196777344,
      24.13982582092285
    ],
    "q": [
      0.0,
      0.0,
      0.0,
      1.0
    ],
    "tx": [
      9.999999974752427e-07,
      0.0,
      0.0,
      0.0,
      0.0,
      9.999999974752427e-07,
      0.0,
      0.0,
      0.0,
      0.0,
      9.999999974752427e-07,
      0.0,
      9.306347815109446e-16,
      -1.4665489196777344,
      24.13982582092285,
      1.0
    ]
  },
  "explosion_locator1": {
    "p": [
      1.1558946371078491,
      0.22441910207271576,
      -16.28660774230957
    ],
    "q": [
      0.0,
      0.0,
      0.0,
      1.0
    ],
    "tx": [
      9.999999974752427e-07,
      0.0,
      0.0,
      0.0,
      0.0,
      9.999999974752427e-07,
      0.0,
      0.0,
      0.0,
      0.0,
      9.999999974752427e-07,
      0.0,
      1.1558946371078491,
      0.22441910207271576,
      -16.28660774230957,
      1.0
    ]
  },
  "explosion_locator2": {
    "p": [
      0.36849889159202576,
      2.0322930812835693,
      -0.9119453430175781
    ],
    "q": [
      0.0,
      0.0,
      0.0,
      1.0
    ],
    "tx": [
      9.999999974752427e-07,
      0.0,
      0.0,
      0.0,
      0.0,
      9.999999974752427e-07,
      0.0,
      0.0,
      0.0,
      0.0,
      9.999999974752427e-07,
      0.0,
      0.36849889159202576,
      2.0322930812835693,
      -0.9119453430175781,
      1.0
    ]
  },
  "explosion_locator3": {
    "p": [
      -8.696546561766209e-16,
      -3.916576385498047,
      8.559173583984375
    ],
    "q": [
      0.0,
      0.0,
      0.0,
      1.0
    ],
    "tx": [
      9.999999974752427e-07,
      0.0,
      0.0,
      0.0,
      0.0,
      9.999999974752427e-07,
      0.0,
      0.0,
      0.0,
      0.0,
      9.999999974752427e-07,
      0.0,
      -8.696546561766209e-16,
      -3.916576385498047,
      8.559173583984375,
      1.0
    ]
  },
  "explosion_locator4": {
    "p": [
      2.949935969716338e-16,
      1.3285330533981323,
      12.281208038330078
    ],
    "q": [
      0.0,
      0.0,
      0.0,
      1.0
    ],
    "tx": [
      9.999999974752427e-07,
      0.0,
      0.0,
      0.0,
      0.0,
      9.999999974752427e-07,
      0.0,
      0.0,
      0.0,
      0.0,
      9.999999974752427e-07,
      0.0,
      2.949935969716338e-16,
      1.3285330533981323,
      12.281208038330078,
      1.0
    ]
  },
  "explosion_locator5": {
    "p": [
      -1.9508322477340698,
      0.43004417419433594,
      -2.2765815258026123
    ],
    "q": [
      0.0,
      0.0,
      0.0,
      1.0
    ],
    "tx": [
      9.999999974752427e-07,
      0.0,
      0.0,
      0.0,
      0.0,
      9.999999974752427e-07,
      0.0,
      0.0,
      0.0,
      0.0,
      9.999999974752427e-07,
      0.0,
      -1.9508322477340698,
      0.43004417419433594,
      -2.2765815258026123,
      1.0
    ]
  },
  "large_gun_01": {
    "p": [
      -0.009335756301879883,
      -2.2838008403778076,
      -14.896478652954102
    ],
    "q": [
      0.0,
      0.0,
      0.0,
      1.0
    ],
    "tx": [
      9.999999974752427e-07,
      0.0,
      0.0,
      0.0,
      0.0,
      9.999999974752427e-07,
      0.0,
      0.0,
      0.0,
      0.0,
      9.999999974752427e-07,
      0.0,
      -0.009335756301879883,
      -2.2838008403778076,
      -14.896478652954102,
      1.0
    ]
  },
  "large_gun_02": {
    "p": [
      -0.007367074489593506,
      -2.276332378387451,
      -14.896478652954102
    ],
    "q": [
      0.0,
      0.0,
      0.0,
      1.0
    ],
    "tx": [
      9.999999974752427e-07,
      0.0,
      0.0,
      0.0,
      0.0,
      9.999999974752427e-07,
      0.0,
      0.0,
      0.0,
      0.0,
      9.999999974752427e-07,
      0.0,
      -0.007367074489593506,
      -2.276332378387451,
      -14.896478652954102,
      1.0
    ]
  },
  "large_gun_03": {
    "p": [
      -0.01117292046546936,
      -2.283459186553955,
      -14.896478652954102
    ],
    "q": [
      0.0,
      0.0,
      0.0,
      1.0
    ],
    "tx": [
      9.999999974752427e-07,
      0.0,
      0.0,
      0.0,
      0.0,
      9.999999974752427e-07,
      0.0,
      0.0,
      0.0,
      0.0,
      9.999999974752427e-07,
      0.0,
      -0.01117292046546936,
      -2.283459186553955,
      -14.896478652954102,
      1.0
    ]
  },
  "large_gun_04": {
    "p": [
      -0.01073545217514038,
      -2.278873920440674,
      -14.896478652954102
    ],
    "q": [
      0.0,
      0.0,
      0.0,
      1.0
    ],
    "tx": [
      9.999999974752427e-07,
      0.0,
      0.0,
      0.0,
      0.0,
      9.999999974752427e-07,
      0.0,
      0.0,
      0.0,
      0.0,
      9.999999974752427e-07,
      0.0,
      -0.01073545217514038,
      -2.278873920440674,
      -14.896478652954102,
      1.0
    ]
  },
  "medium_gun_01": {
    "p": [
      0.5038252472877502,
      -0.34309089183807373,
      -13.326253890991211
    ],
    "q": [
      0.0,
      0.0,
      0.0,
      1.0
    ],
    "tx": [
      9.999999974752427e-07,
      0.0,
      0.0,
      0.0,
      0.0,
      9.999999974752427e-07,
      0.0,
      0.0,
      0.0,
      0.0,
      9.999999974752427e-07,
      0.0,
      0.5038252472877502,
      -0.34309089183807373,
      -13.326253890991211,
      1.0
    ]
  },
  "medium_gun_02": {
    "p": [
      0.4180780053138733,
      0.14072060585021973,
      -13.376947402954102
    ],
    "q": [
      0.0,
      0.0,
      0.0,
      1.0
    ],
    "tx": [
      9.999999974752427e-07,
      0.0,
      0.0,
      0.0,
      0.0,
      9.999999974752427e-07,
      0.0,
      0.0,
      0.0,
      0.0,
      9.999999974752427e-07,
      0.0,
      0.4180780053138733,
      0.14072060585021973,
      -13.376947402954102,
      1.0
    ]
  },
  "medium_gun_03": {
    "p": [
      -0.4782070517539978,
      -0.3283348083496094,
      -13.326253890991211
    ],
    "q": [
      0.0,
      0.0,
      0.0,
      1.0
    ],