{
  "0_Empty": {
    "p": [
      0.0,
      0.0,
      0.0
    ],
    "q": [
      0.0,
      0.0,
      0.0,
      1.0
    ],
    "tx": [
      1000000.0,
      0.0,
      0.0,
      0.0,
      0.0,
      1000000.0,
      0.0,
      0.0,
      0.0,
      0.0,
      1000000.0,
      0.0,
      0.0,
      0.0,
      0.0,
      1.0
    ]
  },
  "exhaust": {
    "p": [
      3.2119717996437203e-10,
      437201.25,
      19994234.0
    ],
    "q": [
      0.0,
      0.0,
      0.0,
      1.0
    ],
    "tx": [
      1000000.0,
      0.0,
      0.0,
      0.0,
      0.0,
      1000000.0,
      0.0,
      0.0,
      0.0,
      0.0,
      1000000.0,
      0.0,
      3.2119717996437203e-10,
      437201.25,
      19994234.0,
      1.0
    ]
  },
  "engine_medium_01": {
    "p": [
      936643.75,
      2491190.5,
      17105592.0
    ],
    "q": [
      -0.0,
      -1.0,
      -0.0,
      7.549790126404332e-08
    ],
    "tx": [
      -1000000.0,
      0.0,
      0.15099580585956573,
      0.0,
      0.0,
      1000000.0,
      0.0,
      0.0,
      -0.15099580585956573,
      0.0,
      -1000000.0,
      0.0,
      936643.75,
      2491190.5,
      17105592.0,
      1.0
    ]
  },
  "engine_medium_02": {
    "p": [
      -891833.8125,
      2545455.25,
      17105592.0
    ],
    "q": [
      -0.0,
      -1.0,
      -0.0,
      7.549790126404332e-08
    ],
    "tx": [
      -1000000.0,
      0.0,
      0.15099580585956573,
      0.0,
      0.0,
      1000000.0,
      0.0,
      0.0,
      -0.15099580585956573,
      0.0,
      -1000000.0,
      0.0,
      -891833.8125,
      2545455.25,
      17105592.0,
      1.0
    ]
  },
  "engine_medium_03": {
    "p": [
      2040065.5,
      183273.546875,
      17105592.0
    ],
    "q": [
      -0.0,
      -1.0,
      -0.0,
      7.549790126404332e-08
    ],
    "tx": [
      -1000000.0,
      0.0,
      0.15099580585956573,
      0.0,
      0.0,
      1000000.0,
      0.0,
      0.0,
      -0.15099580585956573,
      0.0,
      -1000000.0,
      0.0,
      2040065.5,
      183273.546875,
      17105592.0,
      1.0
    ]
  },
  "explosion_locator1": {
    "p": [
      1155894.625,
      224419.109375,
      -17614032.0
    ],
    "q": [
      0.0,
      0.0,
      0.0,
      1.0
    ],
    "tx": [
      1000000.0,
      0.0,
      0.0,
      0.0,
      0.0,
      1000000.0,
      0.0,
      0.0,
      0.0,
      0.0,
      1000000.0,
      0.0,
      1155894.625,
      224419.109375,
      -17614032.0,
      1.0
    ]
  },
  "explosion_locator2": {
    "p": [
      368498.90625,
      4038969.5,
      3003881.5
    ],
    "q": [
      0.0,
      0.0,
      0.0,
      1.0
    ],
    "tx": [
      1000000.0,
      0.0,
      0.0,
      0.0,
      0.0,
      1000000.0,
      0.0,
      0.0,
      0.0,
      0.0,
      1000000.0,
      0.0,
      368498.90625,
      4038969.5,
      3003881.5,
      1.0
    ]
  },
  "explosion_locator3": {
    "p": [
      -8.696546816011619e-10,
      -3916576.5,
      7231748.5
    ],
    "q": [
      0.0,
      0.0,
      0.0,
      1.0
    ],
    "tx": [
      1000000.0,
      0.0,
      0.0,
      0.0,
      0.0,
      1000000.0,
      0.0,
      0.0,
      0.0,
      0.0,
      1000000.0,
      0.0,
      -8.696546816011619e-10,
      -3916576.5,
      7231748.5,
      1.0
    ]
  },
  "explosion_locator4": {
    "p": [
      7.405652757697112e-10,
      3335209.5,
      16197035.0
    ],
    "q": [
      0.0,
      0.0,
      0.0,
      1.0
    ],
    "tx": [
      1000000.0,
      0.0,
      0.0,
      0.0,
      0.0,
      1000000.0,
      0.0,
      0.0,
      0.0,
      0.0,
      1000000.0,
      0.0,
      7.405652757697112e-10,
      3335209.5,
      16197035.0,
      1.0
    ]
  },
  "explosion_locator5": {
    "p": [
      -3293082.25,
      430044.1875,
      -3604006.75
    ],
    "q": [
      0.0,
      0.0,
      0.0,
      1.0
    ],
    "tx": [
      1000000.0,
      0.0,
      0.0,
      0.0,
      0.0,
      1000000.0,
      0.0,
      0.0,
      0.0,
      0.0,
      1000000.0,
      0.0,
      -3293082.25,
      430044.1875,
      -3604006.75,
      1.0
    ]
  },
  "large_gun_01": {
    "p": [
      340663.0625,
      1476021.875,
      -19935410.0
    ],
    "q": [
      0.0,
      0.0,
      0.0,
      1.0
    ],
    "tx": [
      1000000.0,
      0.0,
      0.0,
      0.0,
      0.0,
      1000000.0,
      0.0,
      0.0,
      0.0,
      0.0,
      1000000.0,
      0.0,
      340663.0625,
      1476021.875,
      -19935410.0,
      1.0
    ]
  },
  "large_gun_02": {
    "p": [
      225285.375,
      -741190.125,
      -18564904.0
    ],
    "q": [
      0.0,
      0.0,
      0.0,
      1.0
    ],
    "tx": [
      1000000.0,
      0.0,
      0.0,
      0.0,
      0.0,
      1000000.0,
      0.0,
      0.0,
      0.0,
      0.0,
      1000000.0,
      0.0,
      225285.375,
      -741190.125,
      -18564904.0,
      1.0
    ]
  },
  "large_gun_03": {
    "p": [
      -404600.25,
      1490778.125,
      -19935410.0
    ],
    "q": [
      0.0,
      0.0,
      0.0,
      1.0
    ],
    "tx": [
      1000000.0,
      0.0,
      0.0,
      0.0,
      0.0,
      1000000.0,
      0.0,
      0.0,
      0.0,
      0.0,
      1000000.0,
      0.0,
      -404600.25,
      1490778.125,
      -19935410.0,
      1.0
    ]
  },
  "large_gun_04": {
    "p": [
      -234533.265625,
      -755309.4375,
      -18564904.0
    ],
    "q": [
      0.0,
      0.0,
      0.0,
      1.0
    ],
    "tx": [
      1000000.0,
      0.0,
      0.0,
      0.0,
      0.0,
      1000000.0,
      0.0,
      0.0,
      0.0,
      0.0,
      1000000.0,
      0.0,
      -234533.265625,
      -755309.4375,
      -18564904.0,
      1.0
    ]
  },
  "medium_gun_01": {
    "p": [
      340663.0625,
      1476021.875,
      -19935410.0
    ],
    "q": [
      0.0,
      0.0,
      0.0,
      1.0
    ],
    "tx": [
      1000000.0,
      0.0,
      0.0,
      0.0,
      0.0,
      1000000.0,
      0.0,
      0.0,
      0.0,
      0.0,
      1000000.0,
      0.0,
      340663.0625,
      1476021.875,
      -19935410.0,
      1.0
    ]
  },
  "medium_gun_02": {
    "p": [
      225285.375,
      -741190.125,
      -18564904.0
    ],
    "q": [
      0.0,
      0.0,
      0.0,
      1.0
    ],
    "tx": [
      1000000.0,
      0.0,
      0.0,
      0.0,
      0.0,
      1000000.0,
      0.0,
      0.0,
      0.0,
      0.0,
      1000000.0,
      0.0,
      225285.375,
      -741190.125,
      -18564904.0,
      1.0
    ]
  },
  "medium_gun_03": {
    "p": [
      -404600.25,
      1490778.125,
      -19935410.0
    ],
    "q": [
      0.0,
      0.0,
      0.0,
      1.0
    ],
    "tx": [
      1000000.0,
      0.0,
      0.0,
      0.0,
      0.0,
      1000000.0,
      0.0,
      0.0,
      0.0,
      0.0,
      1000000.0,
      0.0,
      -404600.25,
      1490778.125,
      -19935410.0,
      1.0
    ]
  },
  "medium_gun_04": {
    "p": [
      -234533.265625,
      -755309.4375,
      -18564904.0
    ],
    "q": [
      0.0,
      0.0,
      0.0,
      1.0
    ],
    "tx": [
      1000000.0,
      0.0,
      0.0,
      0.0,
      0.0,
      1000000.0,
      0.0,
      0.0,
      0.0,
      0.0,
      1000000.0,
      0.0,
      -234533.265625,
      -755309.4375,
      -18564904.0,
      1.0
    ]
  },
  "part1_locator": {
    "p": [
      0.0,
      0.0,
      0.0
    ],
    "q": [
      2.9802322387695312e-08,
      -1.0,
      -2.2500127930654085e-15,
      7.549790126404332e-08
    ],
    "tx": [
      -1000000.0,
      -0.059604644775390625,
      0.15099580585956573,
      0.0,
      -0.059604644775390625,
      1000000.0,
      9.000051370833262e-09,
      0.0,
      -0.15099580585956573,
      0.0,
      -1000000.0,
      0.0,
      0.0,
      0.0,
      0.0,
      1.0
    ]
  },
  "part2_back_locator": {
    "p": [
      0.0,
      0.0,
      0.0
    ],
    "q": [
      2.9802322387695312e-08,
      -1.0,
      1.1084122799421637e-15,
      7.549790126404332e-08
    ],