{
  "0_Empty": {
    "p": [
      0.0,
      0.0,
      0.0
    ],
    "q": [
      0.0,
      0.0,
      0.0,
      1.0
    ],
    "tx": [
      1000000.0,
      0.0,
      0.0,
      0.0,
      0.0,
      1000000.0,
      0.0,
      0.0,
      0.0,
      0.0,
      1000000.0,
      0.0,
      0.0,
      0.0,
      0.0,
      1.0
    ]
  },
  "exhaust": {
    "p": [
      0.0,
      -116826.3515625,
      28098176.0
    ],
    "q": [
      0.0,
      0.0,
      0.0,
      1.0
    ],
    "tx": [
      1000000.0,
      0.0,
      0.0,
      0.0,
      0.0,
      1000000.0,
      0.0,
      0.0,
      0.0,
      0.0,
      1000000.0,
      0.0,
      0.0,
      -116826.3515625,
      28098176.0,
      1.0
    ]
  },
  "engine_medium_01": {
    "p": [
      691692.4375,
      1382706.625,
      24125310.0
    ],
    "q": [
      0.0,
      1.0,
      0.0,
      7.549790126404332e-08
    ],
    "tx": [
      -1000000.0,
      0.0,
      -0.15099580585956573,
      0.0,
      0.0,
      1000000.0,
      0.0,
      0.0,
      0.15099580585956573,
      0.0,
      -1000000.0,
      0.0,
      691692.4375,
      1382706.625,
      24125310.0,
      1.0
    ]
  },
  "engine_medium_02": {
    "p": [
      -1339130.0,
      -1974932.625,
      24275500.0
    ],
    "q": [
      0.0,
      1.0,
      0.0,
      7.549790126404332e-08
    ],
    "tx": [
      -1000000.0,
      0.0,
      -0.15099580585956573,
      0.0,
      0.0,
      1000000.0,
      0.0,
      0.0,
      0.15099580585956573,
      0.0,
      -1000000.0,
      0.0,
      -1339130.0,
      -1974932.625,
      24275500.0,
      1.0
    ]
  },
  "engine_medium_03": {
    "p": [
      1138150.0,
      -1974932.625,
      24275500.0
    ],
    "q": [
      0.0,
      1.0,
      0.0,
      7.549790126404332e-08
    ],
    "tx": [
      -1000000.0,
      0.0,
      -0.15099580585956573,
      0.0,
      0.0,
      1000000.0,
      0.0,
      0.0,
      0.15099580585956573,
      0.0,
      -1000000.0,
      0.0,
      1138150.0,
      -1974932.625,
      24275500.0,
      1.0
    ]
  },
  "explosion_locator1": {
    "p": [
      4.031403821880275e-10,
      2631077.0,
      -3302830.75
    ],
    "q": [
      0.0,
      0.0,
      0.0,
      1.0
    ],
    "tx": [
      1000000.0,
      0.0,
      0.0,
      0.0,
      0.0,
      1000000.0,
      0.0,
      0.0,
      0.0,
      0.0,
      1000000.0,
      0.0,
      4.031403821880275e-10,
      2631077.0,
      -3302830.75,
      1.0
    ]
  },
  "explosion_locator2": {
    "p": [
      1847403.0,
      3757748.5,
      20635518.0
    ],
    "q": [
      0.0,
      0.0,
      0.0,
      1.0
    ],
    "tx": [
      1000000.0,
      0.0,
      0.0,
      0.0,
      0.0,
      1000000.0,
      0.0,
      0.0,
      0.0,
      0.0,
      1000000.0,
      0.0,
      1847403.0,
      3757748.5,
      20635518.0,
      1.0
    ]
  },
  "explosion_locator3": {
    "p": [
      -1.0349160417533199e-09,
      -4771940.0,
      17920528.0
    ],
    "q": [
      0.0,
      0.0,
      0.0,
      1.0
    ],
    "tx": [
      1000000.0,
      0.0,
      0.0,
      0.0,
      0.0,
      1000000.0,
      0.0,
      0.0,
      0.0,
      0.0,
      1000000.0,
      0.0,
      -1.0349160417533199e-09,
      -4771940.0,
      17920528.0,
      1.0
    ]
  },
  "explosion_locator4": {
    "p": [
      1580207.5,
      2036396.5,
      24227832.0
    ],
    "q": [
      0.0,
      0.0,
      0.0,
      1.0
    ],
    "tx": [
      1000000.0,
      0.0,
      0.0,
      0.0,
      0.0,
      1000000.0,
      0.0,
      0.0,
      0.0,
      0.0,
      1000000.0,
      0.0,
      1580207.5,
      2036396.5,
      24227832.0,
      1.0
    ]
  },
  "explosion_locator5": {
    "p": [
      -4917033.0,
      1317910.25,
      17076648.0
    ],
    "q": [
      0.0,
      0.0,
      0.0,
      1.0
    ],
    "tx": [
      1000000.0,
      0.0,
      0.0,
      0.0,
      0.0,
      1000000.0,
      0.0,
      0.0,
      0.0,
      0.0,
      1000000.0,
      0.0,
      -4917033.0,
      1317910.25,
      17076648.0,
      1.0
    ]
  },
  "large_gun_01": {
    "p": [
      327552.0,
      827609.0625,
      -7697393.5
    ],
    "q": [
      0.0,
      0.0,
      0.0,
      1.0
    ],
    "tx": [
      1000000.0,
      0.0,
      0.0,
      0.0,
      0.0,
      1000000.0,
      0.0,
      0.0,
      0.0,
      0.0,
      1000000.0,
      0.0,
      327552.0,
      827609.0625,
      -7697393.5,
      1.0
    ]
  },
  "large_gun_02": {
    "p": [
      327552.0,
      188751.25,
      -7697393.5
    ],
    "q": [
      0.0,
      0.0,
      0.0,
      1.0
    ],
    "tx": [
      1000000.0,
      0.0,
      0.0,
      0.0,
      0.0,
      1000000.0,
      0.0,
      0.0,
      0.0,
      0.0,
      1000000.0,
      0.0,
      327552.0,
      188751.25,
      -7697393.5,
      1.0
    ]
  },
  "large_gun_03": {
    "p": [
      -331495.6875,
      843921.875,
      -7696052.5
    ],
    "q": [
      0.0,
      0.0,
      0.0,
      1.0
    ],
    "tx": [
      1000000.0,
      0.0,
      0.0,
      0.0,
      0.0,
      1000000.0,
      0.0,
      0.0,
      0.0,
      0.0,
      1000000.0,
      0.0,
      -331495.6875,
      843921.875,
      -7696052.5,
      1.0
    ]
  },
  "large_gun_04": {
    "p": [
      -331495.6875,
      205064.0625,
      -7696052.5
    ],
    "q": [
      0.0,
      0.0,
      0.0,
      1.0
    ],
    "tx": [
      1000000.0,
      0.0,
      0.0,
      0.0,
      0.0,
      1000000.0,
      0.0,
      0.0,
      0.0,
      0.0,
      1000000.0,
      0.0,
      -331495.6875,
      205064.0625,
      -7696052.5,
      1.0
    ]
  },
  "medium_gun_01": {
    "p": [
      327552.0,
      827609.0625,
      -7697393.5
    ],
    "q": [
      0.0,
      0.0,
      0.0,
      1.0
    ],
    "tx": [
      1000000.0,
      0.0,
      0.0,
      0.0,
      0.0,
      1000000.0,
      0.0,
      0.0,
      0.0,
      0.0,
      1000000.0,
      0.0,
      327552.0,
      827609.0625,
      -7697393.5,
      1.0
    ]
  },
  "medium_gun_02": {
    "p": [
      327552.0,
      188751.25,
      -7697393.5
    ],
    "q": [
      0.0,
      0.0,
      0.0,
      1.0
    ],
    "tx": [
      1000000.0,
      0.0,
      0.0,
      0.0,
      0.0,
      1000000.0,
      0.0,
      0.0,
      0.0,
      0.0,
      1000000.0,
      0.0,
      327552.0,
      188751.25,
      -7697393.5,
      1.0
    ]
  },
  "medium_gun_03": {
    "p": [
      -331495.6875,
      843921.875,
      -7696052.5
    ],
    "q": [
      0.0,
      0.0,
      0.0,
      1.0
    ],
    "tx": [
      1000000.0,
      0.0,
      0.0,
      0.0,
      0.0,
      1000000.0,
      0.0,
      0.0,
      0.0,
      0.0,
      1000000.0,
      0.0,
      -331495.6875,
      843921.875,
      -7696052.5,
      1.0
    ]
  },
  "medium_gun_04": {
    "p": [
      -331495.6875,
      205064.0625,
      -7696052.5
    ],
    "q": [
      0.0,
      0.0,
      0.0,
      1.0
    ],
    "tx": [
      1000000.0,
      0.0,
      0.0,
      0.0,
      0.0,
      1000000.0,
      0.0,
      0.0,
      0.0,
      0.0,
      1000000.0,
      0.0,
      -331495.6875,
      205064.0625,
      -7696052.5,
      1.0
    ]
  },
  "part1_locator": {
    "p": [
      0.04470348358154297,
      998323.75,
      5077532.0
    ],
    "q": [
      2.9802322387695312e-08,
      -1.0,
      2.9530129968917407e-14,
      7.549790126404332e-08
    ],
    "tx": [
      -1000000.0,
      -0.059604644775390625,
      0.15099580585956573,
      0.0,
      -0.059604644775390625,
      1000000.0,
      -5.456023899341744e-08,
      0.0,
      -0.15099580585956573,
      -6.35602859233586e-08,
      -1000000.0,
      0.0,
      0.04470348358154297,
      998323.75,
      5077532.0,
      1.0
    ]
  },
  "part2_back_locator": {
    "p": [
      0.04470345750451088,
      730664.75,
      14749814.0
    ],
    "q": [
      2.9802322387695312e-08,
      -1.0,
      1.1084122799421637e-15,
      7.549790126404332e-08
    ],