{
  "part1_locator": {
    "p": [
      7.4505792646561986e-09,
      8.940696716308594e-08,
      -3.46451997756958e-07
    ],
    "q": [
      2.7681161653630255e-15,
      -0.9998960494995117,
      -7.16447995358473e-15,
      0.014417344704270363
    ],
    "pa": [
      "part1"
    ]
  },
  "explosion_locator5": {
    "p": [
      -1.7676398754119873,
      1.8683969974517822,
      -3.640883684158325
    ],
    "q": [
      7.216451354129412e-15,
      5.886935628745735e-16,
      2.664534835583902e-15,
      1.0
    ],
    "pa": [
      "part1"
    ]
  },
  "hit_locator_4": {
    "p": [
      7.450581485102248e-09,
      -0.3095715343952179,
      0.1270965337753296
    ],
    "q": [
      7.216451354129412e-15,
      5.886935628745735e-16,
      2.664534835583902e-15,
      1.0
    ],
    "pa": [
      "part1"
    ]
  },
  "part2_back_locator": {
    "p": [
      7.4505797087454084e-09,
      8.940698137394065e-08,
      2.5986647605895996
    ],
    "q": [
      2.5888429126260737e-15,
      -0.9998960494995117,
      5.2687274675218814e-15,
      0.014417344704270363
    ],
    "pa": [
      "part2"
    ]
  },
  "part2_front_locator": {
    "p": [
      7.4505797087454084e-09,
      8.940693874137651e-08,
      -8.934341430664062
    ],
    "q": [
      -5.218049062771183e-15,
      5.886935628745735e-16,
      2.664534835583902e-15,
      1.0
    ],
    "pa": [
      "part2"
    ]
  },
  "part2_back2": {
    "p": [
      7.450586814172766e-09,
      -0.9034848809242249,
      2.5986645221710205
    ],
    "q": [
      0.018164586275815964,
      -0.855250895023346,
      -0.5059191584587097,
      0.11073307693004608
    ],
    "pa": [
      "part2"
    ]
  },
  "part2_back3": {
    "p": [
      -1.866310715675354,
      -0.6358771324157715,
      2.5986645221710205
    ],
    "q": [
      0.018164586275815964,
      -0.855250895023346,
      -0.5059191584587097,
      0.11073307693004608
    ],
    "pa": [
      "part2"
    ]
  },
  "part2_back4": {
    "p": [
      1.866310715675354,
      -0.6358769536018372,
      2.5986642837524414
    ],
    "q": [
      0.018164586275815964,
      -0.855250895023346,
      -0.5059191584587097,
      0.11073307693004608
    ],
    "pa": [
      "part2"
    ]
  },
  "part2_front1": {
    "p": [
      -0.005737110041081905,
      -2.047624349594116,
      -8.946418762207031
    ],
    "q": [
      -0.6595088839530945,
      0.002421655459329486,
      -0.04409266635775566,
      0.750398576259613
    ],
    "pa": [
      "part2"
    ]
  },
  "part2_front2": {
    "p": [
      -0.6642900109291077,
      2.480774164199829,
      -9.436895370483398
    ],
    "q": [
      0.076757051050663,
      0.5672409534454346,
      -0.6877179145812988,
      0.4465312361717224
    ],
    "pa": [
      "part2"
    ]
  },
  "part2_front3": {
    "p": [
      -1.4351977109909058,
      0.005098015069961548,
      -9.344229698181152
    ],
    "q": [
      -0.5652616024017334,
      0.347423255443573,
      -0.34260109066963196,
      0.6651322245597839
    ],
    "pa": [
      "part2"
    ]
  },
  "part2_front4": {
    "p": [
      -1.9634690284729004,
      -1.3890092372894287,
      -8.050296783447266
    ],
    "q": [
      -0.49277815222740173,
      0.3069254159927368,
      -0.3874365985393524,
      0.7161419987678528
    ],
    "pa": [
      "part2"
    ]
  },
  "part2_front5": {
    "p": [
      -1.1627376079559326,
      0.21487686038017273,
      -2.0961151123046875
    ],
    "q": [
      -0.5030343532562256,
      0.41345280408859253,
      -0.46211254596710205,
      0.6020509004592896
    ],
    "pa": [
      "part2"
    ]
  },
  "explosion_locator2": {
    "p": [
      3.598771572113037,
      0.3617299497127533,
      -4.217125415802002
    ],
    "q": [
      -5.218049062771183e-15,
      5.886935628745735e-16,
      2.664534835583902e-15,
      1.0
    ],
    "pa": [
      "part2"
    ]
  },
  "explosion_locator4": {
    "p": [
      -1.4439263343811035,
      0.09518694877624512,
      -5.427227973937988
    ],
    "q": [
      -5.218049062771183e-15,
      5.886935628745735e-16,
      2.664534835583902e-15,
      1.0
    ],
    "pa": [
      "part2"
    ]
  },
  "hit_locator_2": {
    "p": [
      7.450580152834618e-09,
      -0.3095715343952179,
      -1.3068137168884277
    ],
    "q": [
      -5.218049062771183e-15,
      5.886935628745735e-16,
      2.664534835583902e-15,
      1.0
    ],
    "pa": [
      "part2"
    ]
  },
  "hit_locator_3": {
    "p": [
      7.450581485102248e-09,
      -0.3095715343952179,
      -5.333670616149902
    ],
    "q": [
      -5.218049062771183e-15,
      5.886935628745735e-16,
      2.664534835583902e-15,
      1.0
    ],
    "pa": [
      "part2"
    ]
  },
  "part3_locator": {
    "p": [
      7.450580152834618e-09,
      5.960465898624534e-08,
      2.384185791015625e-07
    ],
    "q": [
      -3.4416913763379853e-15,
      5.886936158141327e-16,
      2.664534835583902e-15,
      1.0
    ],
    "pa": [
      "part3"
    ]
  },
  "explosion_locator1": {
    "p": [
      -0.8014228940010071,
      -0.48396483063697815,
      0.7638058662414551
    ],
    "q": [
      -3.4416913763379853e-15,
      5.886936158141327e-16,
      2.664534835583902e-15,
      1.0
    ],
    "pa": [
      "part3"
    ]
  },
  "explosion_locator3": {
    "p": [
      -2.0855181217193604,
      2.249305486679077,
      -1.4134571552276611
    ],
    "q": [
      -3.4416913763379853e-15,
      5.886936158141327e-16,
      2.664534835583902e-15,
      1.0
    ],
    "pa": [
      "part3"
    ]
  },
  "hit_locator_1": {
    "p": [
      7.450580152834618e-09,
      -0.3095715641975403,
      0.7293109893798828
    ],
    "q": [
      -3.4416913763379853e-15,
      5.886936158141327e-16,
      2.664534835583902e-15,
      1.0
    ],
    "pa": [
      "part3"
    ]
  }
}