{
  "light_locator_01": {
    "p": [
      -3.3146800994873047,
      -0.39833927154541016,
      -16.22627830505371
    ],
    "q": [
      0.0,
      0.0,
      -0.0,
      -1.0
    ]
  },
  "light_locator_02": {
    "p": [
      3.3146820068359375,
      -0.39833927154541016,
      -16.22627830505371
    ],
    "q": [
      0.0,
      0.0,
      -0.0,
      -1.0
    ]
  },
  "light_locator_03": {
    "p": [
      0.0,
      0.25431451201438904,
      -9.002542495727539
    ],
    "q": [
      0.0,
      0.0,
      -0.0,
      -1.0
    ]
  }
}