{
  "small_gun_01": {
    "p": [
      -1.316062569618225,
      0.8734949231147766,
      -6.151379585266113
    ],
    "q": [
      0.0,
      0.0,
      -0.0,
      -1.0
    ]
  },
  "small_gun_02": {
    "p": [
      -1.316062569618225,
      0.7938574552536011,
      -4.135927677154541
    ],
    "q": [
      0.0,
      0.0,
      -0.0,
      -1.0
    ]
  },
  "small_gun_03": {
    "p": [
      0.8839374780654907,
      0.7938574552536011,
      -6.151379585266113
    ],
    "q": [
      0.0,
      0.0,
      -0.0,
      -1.0
    ]
  },
  "small_gun_04": {
    "p": [
      0.8839374780654907,
      0.7938574552536011,
      -4.135927677154541
    ],
    "q": [
      0.0,
      0.0,
      -0.0,
      -1.0
    ]
  }
}