{
  "Camera_target": {
    "p": [
      0.0,
      0.0,
      0.0
    ],
    "q": [
      0.0,
      0.0,
      0.0,
      1.0
    ]
  },
  "engine_medium_01": {
    "p": [
      -215421.015625,
      46487.31640625,
      2590356.5
    ],
    "q": [
      0.0,
      1.0,
      0.0,
      7.549790126404332e-08
    ],
    "tx": [
      -100000.0,
      0.0,
      -0.015099580399692059,
      0.0,
      0.0,
      100000.0,
      0.0,
      0.0,
      0.015099580399692059,
      0.0,
      -100000.0,
      0.0,
      -215421.015625,
      46487.31640625,
      2590356.5,
      1.0
    ]
  },
  "engine_medium_02": {
    "p": [
      207645.296875,
      49875.95703125,
      2590356.5
    ],
    "q": [
      0.0,
      1.0,
      0.0,
      7.549790126404332e-08
    ],
    "tx": [
      -100000.0,
      0.0,
      -0.015099580399692059,
      0.0,
      0.0,
      100000.0,
      0.0,
      0.0,
      0.015099580399692059,
      0.0,
      -100000.0,
      0.0,
      207645.296875,
      49875.95703125,
      2590356.5,
      1.0
    ]
  },
  "engine_medium_03": {
    "p": [
      -210151.484375,
      -182942.296875,
      2590356.5
    ],
    "q": [
      0.0,
      1.0,
      0.0,
      7.549790126404332e-08
    ],
    "tx": [
      -100000.0,
      0.0,
      -0.015099580399692059,
      0.0,
      0.0,
      100000.0,
      0.0,
      0.0,
      0.015099580399692059,
      0.0,
      -100000.0,
      0.0,
      -210151.484375,
      -182942.296875,
      2590356.5,
      1.0
    ]
  },
  "engine_medium_04": {
    "p": [
      202400.921875,
      -184540.8125,
      2590356.5
    ],
    "q": [
      0.0,
      1.0,
      0.0,
      7.549790126404332e-08
    ],
    "tx": [
      -100000.0,
      0.0,
      -0.015099580399692059,
      0.0,
      0.0,
      100000.0,
      0.0,
      0.0,
      0.015099580399692059,
      0.0,
      -100000.0,
      0.0,
      202400.921875,
      -184540.8125,
      2590356.5,
      1.0
    ]
  },
  "explosion_locator1": {
    "p": [
      2.6053855253782565e-11,
      147039.6875,
      508149.8125
    ],
    "q": [
      0.0,
      0.0,
      0.0,
      1.0
    ],
    "tx": [
      100000.0,
      0.0,
      0.0,
      0.0,
      0.0,
      100000.0,
      0.0,
      0.0,
      0.0,
      0.0,
      100000.0,
      0.0,
      2.6053855253782565e-11,
      147039.6875,
      508149.8125,
      1.0
    ]
  },
  "explosion_locator2": {
    "p": [
      184740.3125,
      147980.25,
      1307570.875
    ],
    "q": [
      0.0,
      0.0,
      0.0,
      1.0
    ],
    "tx": [
      100000.0,
      0.0,
      0.0,
      0.0,
      0.0,
      100000.0,
      0.0,
      0.0,
      0.0,
      0.0,
      100000.0,
      0.0,
      184740.3125,
      147980.25,
      1307570.875,
      1.0
    ]
  },
  "explosion_locator3": {
    "p": [
      -4.05619253462941e-11,
      -245629.78125,
      2398511.5
    ],
    "q": [
      0.0,
      0.0,
      0.0,
      1.0
    ],
    "tx": [
      100000.0,
      0.0,
      0.0,
      0.0,
      0.0,
      100000.0,
      0.0,
      0.0,
      0.0,
      0.0,
      100000.0,
      0.0,
      -4.05619253462941e-11,
      -245629.78125,
      2398511.5,
      1.0
    ]
  },
  "explosion_locator4": {
    "p": [
      158020.75,
      156624.96875,
      2444128.0
    ],
    "q": [
      0.0,
      0.0,
      0.0,
      1.0
    ],
    "tx": [
      100000.0,
      0.0,
      0.0,
      0.0,
      0.0,
      100000.0,
      0.0,
      0.0,
      0.0,
      0.0,
      100000.0,
      0.0,
      158020.75,
      156624.96875,
      2444128.0,
      1.0
    ]
  },
  "explosion_locator5": {
    "p": [
      -103978.0,
      9792.72265625,
      1618677.625
    ],
    "q": [
      0.0,
      0.0,
      0.0,
      1.0
    ],
    "tx": [
      100000.0,
      0.0,
      0.0,
      0.0,
      0.0,
      100000.0,
      0.0,
      0.0,
      0.0,
      0.0,
      100000.0,
      0.0,
      -103978.0,
      9792.72265625,
      1618677.625,
      1.0
    ]
  },
  "large_gun_01": {
    "p": [
      19948.248046875,
      -16630.984375,
      -152285.125
    ],
    "q": [
      0.0,
      0.0,
      0.0,
      1.0
    ],
    "tx": [
      100000.0,
      0.0,
      0.0,
      0.0,
      0.0,
      100000.0,
      0.0,
      0.0,
      0.0,
      0.0,
      100000.0,
      0.0,
      19948.248046875,
      -16630.984375,
      -152285.125,
      1.0
    ]
  },
  "large_gun_02": {
    "p": [
      19948.248046875,
      -81230.28125,
      -152285.125
    ],
    "q": [
      0.0,
      0.0,
      0.0,
      1.0
    ],
    "tx": [
      100000.0,
      0.0,
      0.0,
      0.0,
      0.0,
      100000.0,
      0.0,
      0.0,
      0.0,
      0.0,
      100000.0,
      0.0,
      19948.248046875,
      -81230.28125,
      -152285.125,
      1.0
    ]
  },
  "large_gun_03": {
    "p": [
      -20342.611328125,
      -14981.49609375,
      -152123.375
    ],
    "q": [
      0.0,
      0.0,
      0.0,
      1.0
    ],
    "tx": [
      100000.0,
      0.0,
      0.0,
      0.0,
      0.0,
      100000.0,
      0.0,
      0.0,
      0.0,
      0.0,
      100000.0,
      0.0,
      -20342.611328125,
      -14981.49609375,
      -152123.375,
      1.0
    ]
  },
  "large_gun_04": {
    "p": [
      -20342.611328125,
      -79580.7890625,
      -152123.375
    ],
    "q": [
      0.0,
      0.0,
      0.0,
      1.0
    ],
    "tx": [
      100000.0,
      0.0,
      0.0,
      0.0,
      0.0,
      100000.0,
      0.0,
      0.0,
      0.0,
      0.0,
      100000.0,
      0.0,
      -20342.611328125,
      -79580.7890625,
      -152123.375,
      1.0
    ]
  },
  "medium_gun_01": {
    "p": [
      19948.248046875,
      -16630.984375,
      -152285.125
    ],
    "q": [
      0.0,
      0.0,
      0.0,
      1.0
    ],
    "tx": [
      100000.0,
      0.0,
      0.0,
      0.0,
      0.0,
      100000.0,
      0.0,
      0.0,
      0.0,
      0.0,
      100000.0,
      0.0,
      19948.248046875,
      -16630.984375,
      -152285.125,
      1.0
    ]
  },
  "medium_gun_02": {
    "p": [
      19948.248046875,
      -81230.28125,
      -152285.125
    ],
    "q": [
      0.0,
      0.0,
      0.0,
      1.0
    ],
    "tx": [
      100000.0,
      0.0,
      0.0,
      0.0,
      0.0,
      100000.0,
      0.0,
      0.0,
      0.0,
      0.0,
      100000.0,
      0.0,
      19948.248046875,
      -81230.28125,
      -152285.125,
      1.0
    ]
  },
  "medium_gun_03": {
    "p": [
      -20342.611328125,
      -14981.49609375,
      -152123.375
    ],
    "q": [
      0.0,
      0.0,
      0.0,
      1.0
    ],
    "tx": [
      100000.0,
      0.0,
      0.0,
      0.0,
      0.0,
      100000.0,
      0.0,
      0.0,
      0.0,
      0.0,
      100000.0,
      0.0,
      -20342.611328125,
      -14981.49609375,
      -152123.375,
      1.0
    ]
  },
  "medium_gun_04": {
    "p": [
      -20342.611328125,
      -79580.7890625,
      -152123.375
    ],
    "q": [
      0.0,
      0.0,
      0.0,
      1.0
    ],
    "tx": [
      100000.0,
      0.0,
      0.0,
      0.0,
      0.0,
      100000.0,
      0.0,
      0.0,
      0.0,
      0.0,
      100000.0,
      0.0,
      -20342.611328125,
      -79580.7890625,
      -152123.375,
      1.0
    ]
  },
  "part1_locator": {
    "p": [
      0.004470348358154297,
      47986.49609375,
      848813.5
    ],
    "q": [
      2.9802322387695312e-08,
      -1.0,
      2.9530129968917407e-14,
      7.549790126404332e-08
    ],
    "tx": [
      -100000.0,
      -0.0059604644775390625,
      0.015099580399692059,
      0.0,
      -0.0059604644775390625,
      100000.0,
      -5.456023632888218e-09,
      0.0,
      -0.015099580399692059,
      -6.3560290364250704e-09,
      -100000.0,
      0.0,
      0.004470348358154297,
      47986.49609375,
      848813.5,
      1.0
    ]
  },
  "part2_back_locator": {
    "p": [
      0.00447034602984786,
      21220.59765625,
      1816041.75
    ],