{
  "light_locator_02": {
    "p": [
      -0.03933670371770859,
      -9.283723831176758,
      0.0
    ],
    "q": [
      0.0,
      0.0,
      0.0,
      1.0
    ]
  },
  "light_locator_03": {
    "p": [
      31.937698364257812,
      8.141460418701172,
      0.019772518426179886
    ],
    "q": [
      0.0,
      0.0,
      0.0,
      1.0
    ]
  },
  "light_locator_04": {
    "p": [
      -15.968841552734375,
      8.102437019348145,
      27.678634643554688
    ],
    "q": [
      0.0,
      -0.2588191032409668,
      0.0,
      0.9659258127212524
    ]
  },
  "light_locator_05": {
    "p": [
      -15.968841552734375,
      8.136314392089844,
      -27.639089584350586
    ],
    "q": [
      0.0,
      -0.4999999701976776,
      0.0,
      0.8660253882408142
    ]
  },
  "light_locator_06": {
    "p": [
      15.968856811523438,
      8.197175025939941,
      27.678634643554688
    ],
    "q": [
      0.0,
      -0.4999999701976776,
      0.0,
      0.8660253882408142
    ]
  },
  "light_locator_07": {
    "p": [
      -31.937698364257812,
      8.164713859558105,
      0.019772518426179886
    ],
    "q": [
      0.0,
      0.0,
      0.0,
      1.0
    ]
  },
  "light_locator_08": {
    "p": [
      15.968856811523438,
      8.123229026794434,
      -27.639089584350586
    ],
    "q": [
      0.0,
      -0.2588191032409668,
      0.0,
      0.9659258127212524
    ]
  },
  "medium_gun_01": {
    "p": [
      0.0,
      18.16994285583496,
      0.0
    ],
    "q": [
      0.0,
      0.0,
      0.0,
      1.0
    ]
  },
  "medium_gun_02": {
    "p": [
      -7.62939453125e-06,
      8.84335708618164,
      -16.482791900634766
    ],
    "q": [
      0.0,
      0.0,
      0.0,
      1.0
    ]
  },
  "medium_gun_03": {
    "p": [
      14.274513244628906,
      8.84335708618164,
      -8.241395950317383
    ],
    "q": [
      0.0,
      -0.4999999701976776,
      0.0,
      0.8660253882408142
    ]
  },
  "medium_gun_04": {
    "p": [
      14.274513244628906,
      8.84335708618164,
      8.241395950317383
    ],
    "q": [
      0.0,
      -0.8660253882408142,
      0.0,
      0.5000000596046448
    ]
  },
  "medium_gun_05": {
    "p": [
      -7.62939453125e-06,
      8.84335708618164,
      16.482791900634766
    ],
    "q": [
      -0.0,
      -1.0,
      -0.0,
      4.371138828673793e-08
    ]
  },
  "medium_gun_06": {
    "p": [
      -14.274513244628906,
      8.84335708618164,
      8.241395950317383
    ],
    "q": [
      0.0,
      0.8660253882408142,
      0.0,
      0.5000000596046448
    ]
  },
  "medium_gun_07": {
    "p": [
      -14.274513244628906,
      8.84335708618164,
      -8.241395950317383
    ],
    "q": [
      0.0,
      0.4999999701976776,
      0.0,
      0.8660253882408142
    ]
  },
  "medium_gun_08": {
    "p": [
      -12.75994873046875,
      8.81930923461914,
      -22.081119537353516
    ],
    "q": [
      0.0,
      0.2588191032409668,
      0.0,
      0.9659258127212524
    ]
  },
  "medium_gun_09": {
    "p": [
      12.759963989257812,
      8.81930923461914,
      -22.081119537353516
    ],
    "q": [
      0.0,
      -0.2588191032409668,
      0.0,
      0.9659258127212524
    ]
  },
  "medium_gun_010": {
    "p": [
      25.519912719726562,
      8.81930923461914,
      0.019772548228502274
    ],
    "q": [
      0.0,
      -0.7071068286895752,
      0.0,
      0.7071067094802856
    ]
  },
  "medium_gun_011": {
    "p": [
      12.759963989257812,
      8.81930923461914,
      22.120662689208984
    ],
    "q": [
      -0.0,
      -0.9659258127212524,
      -0.0,
      0.2588190734386444
    ]
  },
  "medium_gun_012": {
    "p": [
      -12.75994873046875,
      8.81930923461914,
      22.120662689208984
    ],
    "q": [
      0.0,
      0.9659258127212524,
      0.0,
      0.2588190734386444
    ]
  },
  "medium_gun_013": {
    "p": [
      -25.519912719726562,
      8.81930923461914,
      0.019772488623857498
    ],
    "q": [
      0.0,
      0.7071068286895752,
      0.0,
      0.7071067094802856
    ]
  },
  "part1": {
    "p": [
      9.412520642190694e-15,
      0.0,
      6.470276832580566
    ],
    "q": [
      0.0,
      1.0,
      0.0,
      4.371138828673793e-08
    ]
  },
  "part2": {
    "p": [
      5.603424072265625,
      0.0,
      -3.235138416290283
    ],
    "q": [
      0.0,
      -0.4999999701976776,
      0.0,
      0.8660253882408142
    ]
  },
  "part3": {
    "p": [
      -5.603424072265625,
      0.0,
      3.235138416290283
    ],
    "q": [
      0.0,
      0.8660253882408142,
      0.0,
      0.5000000596046448
    ]
  },
  "part4": {
    "p": [
      -5.603424072265625,
      0.0,
      -3.235138416290283
    ],
    "q": [
      0.0,
      0.4999999701976776,
      0.0,
      0.8660253882408142
    ]
  },
  "part5": {
    "p": [
      5.603424072265625,
      0.0,
      3.235138416290283
    ],
    "q": [
      0.0,
      -0.8660253882408142,
      0.0,
      0.5000000596046448
    ]
  },
  "part6": {
    "p": [
      0.0,
      0.0,
      -6.470276832580566
    ],
    "q": [
      0.0,
      0.0,
      0.0,
      1.0
    ]
  },
  "dust_locator_01": {
    "p": [
      0.018665552139282227,
      -1.7436333894729614,
      0.049153782427310944
    ],
    "q": [
      0.5219835638999939,
      -0.4733200967311859,
      0.5209682583808899,
      0.4817606806755066
    ],
    "pa": [
      "cylinder_1"
    ]
  },
  "dust_locator_02": {
    "p": [
      0.035847775638103485,
      -1.8948458433151245,
      -0.05694431811571121
    ],
    "q": [
      0.2590230405330658,
      0.663790225982666,
      -0.6410595178604126,
      0.2851881980895996
    ],
    "pa": [
      "cylinder_2"
    ]
  },
  "dust_locator_03": {
    "p": [
      0.0012121200561523438,
      -1.7579283714294434,
      0.02470337226986885
    ],
    "q": [
      0.4969213902950287,
      -0.5005980134010315,
      0.49063822627067566,
      0.5116100311279297
    ],
    "pa": [
      "cylinder_3"
    ]
  },
  "light_locator_01": {
    "p": [
      -0.0009008573833853006,
      0.013277863152325153,
      -0.02483110874891281
    ],
    "q": [
      -0.006483704783022404,
      0.7172882556915283,
      -0.009080775082111359,
      0.6966872811317444
    ],
    "pa": [
      "cylinder_2_2"
    ]
  }
}