{
  "part1": {
    "p": [
      0.0,
      0.0,
      -0.0
    ],
    "q": [
      0.0,
      0.0,
      -0.0,
      -1.0
    ]
  },
  "part7": {
    "p": [
      11.170402526855469,
      6.71774959564209,
      19.34770965576172
    ],
    "q": [
      0.0,
      0.9659258127212524,
      -0.0,
      -0.258819043636322
    ]
  },
  "part6": {
    "p": [
      -11.170402526855469,
      6.71774959564209,
      -19.34770965576172
    ],
    "q": [
      0.0,
      -0.258819043636322,
      -0.0,
      -0.9659258127212524
    ]
  },
  "part5": {
    "p": [
      -11.170406341552734,
      6.71774959564209,
      19.347707748413086
    ],
    "q": [
      0.0,
      0.9659258127212524,
      -0.0,
      0.258819043636322
    ]
  },
  "part4": {
    "p": [
      11.170406341552734,
      6.71774959564209,
      -19.347707748413086
    ],
    "q": [
      0.0,
      0.258819043636322,
      -0.0,
      -0.9659258127212524
    ]
  },
  "part3": {
    "p": [
      -22.340808868408203,
      6.71774959564209,
      -1.6689300537109375e-06
    ],
    "q": [
      0.0,
      -0.7071067690849304,
      -0.0,
      -0.7071067690849304
    ]
  },
  "part2": {
    "p": [
      22.340808868408203,
      6.71774959564209,
      1.6689300537109375e-06
    ],
    "q": [
      0.0,
      0.7071067690849304,
      -0.0,
      -0.7071067690849304
    ]
  }
}