{
  "medium_gun_01": {
    "p": [
      -10.172648429870605,
      -5.0982208251953125,
      0.708437442779541
    ],
    "q": [
      0.0,
      0.0,
      0.0,
      1.0
    ],
    "pa": [
      "inner_section"
    ]
  },
  "medium_gun_02": {
    "p": [
      11.81242561340332,
      -5.382382392883301,
      12.043822288513184
    ],
    "q": [
      0.0,
      0.0,
      0.0,
      1.0
    ],
    "pa": [
      "mid_section"
    ]
  },
  "medium_gun_03": {
    "p": [
      -10.437403678894043,
      6.870689392089844,
      -23.453834533691406
    ],
    "q": [
      0.0,
      0.0,
      0.0,
      1.0
    ],
    "pa": [
      "mid_section"
    ]
  },
  "medium_gun_04": {
    "p": [
      -10.008098602294922,
      6.891286849975586,
      25.268009185791016
    ],
    "q": [
      0.0,
      0.0,
      0.0,
      1.0
    ],
    "pa": [
      "mid_section"
    ]
  },
  "medium_gun_05": {
    "p": [
      11.080476760864258,
      6.8907365798950195,
      -12.3234224319458
    ],
    "q": [
      0.0,
      0.0,
      0.0,
      1.0
    ],
    "pa": [
      "mid_section"
    ]
  }
}