{
  "part1_locator": {
    "p": [
      -1.7763568394002505e-15,
      0.0,
      -0.0
    ],
    "q": [
      0.0,
      0.0,
      -0.0,
      -1.0
    ],
    "pa": [
      "part1"
    ]
  },
  "explosion_locator_04": {
    "p": [
      -3.5981955528259277,
      -1.3799999952316284,
      -2.848816394805908
    ],
    "q": [
      0.0,
      0.0,
      -0.0,
      -1.0
    ],
    "pa": [
      "part1"
    ]
  },
  "part2_locator": {
    "p": [
      3.918338090994265e-31,
      1.0,
      -5.849999904632568
    ],
    "q": [
      0.0,
      0.7071067690849304,
      -0.0,
      -0.7071067690849304
    ],
    "pa": [
      "part2"
    ]
  },
  "part2_back_locator": {
    "p": [
      0.0,
      0.0,
      5.510000228881836
    ],
    "q": [
      0.0,
      0.0,
      -0.0,
      -1.0
    ],
    "pa": [
      "part2"
    ]
  },
  "part2_front_locator": {
    "p": [
      0.0,
      0.0,
      -5.960000038146973
    ],
    "q": [
      0.0,
      0.0,
      -0.0,
      -1.0
    ],
    "pa": [
      "part2"
    ]
  },
  "explosion_locator1": {
    "p": [
      -3.559999942779541,
      -0.3100000023841858,
      -0.0
    ],
    "q": [
      0.0,
      0.0,
      -0.0,
      -1.0
    ],
    "pa": [
      "part2"
    ]
  },
  "explosion_locator2": {
    "p": [
      4.429999828338623,
      -0.3100000023841858,
      4.929999828338623
    ],
    "q": [
      0.0,
      0.0,
      -0.0,
      -1.0
    ],
    "pa": [
      "part2"
    ]
  },
  "explosion_locator_03": {
    "p": [
      -0.7200000286102295,
      -2.0199999809265137,
      4.840000152587891
    ],
    "q": [
      0.0,
      0.0,
      -0.0,
      -1.0
    ],
    "pa": [
      "part2"
    ]
  },
  "part3_locator": {
    "p": [
      4.440892098500626e-16,
      0.0,
      -0.0
    ],
    "q": [
      0.0,
      0.0,
      -0.0,
      -1.0
    ],
    "pa": [
      "part3"
    ]
  },
  "part3_back_locator": {
    "p": [
      0.0,
      0.0,
      5.510000228881836
    ],
    "q": [
      0.0,
      0.0,
      -0.0,
      -1.0
    ],
    "pa": [
      "part3"
    ]
  },
  "part3_front_locator": {
    "p": [
      0.0,
      0.0,
      -5.960000038146973
    ],
    "q": [
      0.0,
      0.0,
      -0.0,
      -1.0
    ],
    "pa": [
      "part3"
    ]
  },
  "explosion_locator_02": {
    "p": [
      1.149999976158142,
      -2.1700000762939453,
      -2.190000057220459
    ],
    "q": [
      0.0,
      0.0,
      -0.0,
      -1.0
    ],
    "pa": [
      "part3"
    ]
  },
  "part4_locator": {
    "p": [
      8.881784197001252e-16,
      0.0,
      -0.0
    ],
    "q": [
      0.0,
      0.0,
      -0.0,
      -1.0
    ],
    "pa": [
      "part4"
    ]
  },
  "explosion_locator3": {
    "p": [
      -3.559999942779541,
      -0.3100000023841858,
      -0.0
    ],
    "q": [
      0.0,
      0.0,
      -0.0,
      -1.0
    ],
    "pa": [
      "part4"
    ]
  },
  "explosion_locator4": {
    "p": [
      4.429999828338623,
      -0.3100000023841858,
      4.929999828338623
    ],
    "q": [
      0.0,
      0.0,
      -0.0,
      -1.0
    ],
    "pa": [
      "part4"
    ]
  },
  "explosion_locator_05": {
    "p": [
      3.221388339996338,
      -2.130000114440918,
      -2.6783077716827393
    ],
    "q": [
      0.0,
      0.0,
      -0.0,
      -1.0
    ],
    "pa": [
      "part4"
    ]
  },
  "explosion_locator_01": {
    "p": [
      1.5766187906265259,
      2.426907539367676,
      3.014056921005249
    ],
    "q": [
      0.0,
      0.0,
      -0.0,
      -1.0
    ],
    "pa": [
      "part5"
    ]
  }
}