{
  "explosion_locator1": {
    "p": [
      2.3094919760171975e-16,
      1.0401027202606201,
      -16.011953353881836
    ],
    "q": [
      0.0,
      0.0,
      0.0,
      1.0
    ]
  },
  "explosion_locator2": {
    "p": [
      1.8474030494689941,
      2.3789076805114746,
      2.300320625305176
    ],
    "q": [
      0.0,
      0.0,
      0.0,
      1.0
    ]
  },
  "explosion_locator3": {
    "p": [
      -5.420033598164628e-16,
      -2.4409661293029785,
      5.187841415405273
    ],
    "q": [
      0.0,
      0.0,
      0.0,
      1.0
    ]
  },
  "explosion_locator4": {
    "p": [
      1.5802074670791626,
      -0.0071408748626708984,
      9.981992721557617
    ],
    "q": [
      0.0,
      0.0,
      0.0,
      1.0
    ]
  },
  "explosion_locator5": {
    "p": [
      -2.6763405799865723,
      1.315409779548645,
      -4.295269012451172
    ],
    "q": [
      0.0,
      0.0,
      0.0,
      1.0
    ]
  },
  "part1_locator": {
    "p": [
      4.47035120032524e-08,
      1.2375303506851196,
      -18.397228240966797
    ],
    "q": [
      -2.9802322387695312e-08,
      1.0,
      -2.953012319265383e-14,
      -7.549790126404332e-08
    ]
  },
  "part2_back_locator": {
    "p": [
      4.470345871254722e-08,
      3.4576027393341064,
      7.079242706298828
    ],
    "q": [
      -2.9802322387695312e-08,
      1.0,
      -1.1084122799421637e-15,
      -7.549790126404332e-08
    ]
  },
  "part2_front_locator": {
    "p": [
      4.470351555596608e-08,
      1.2065012454986572,
      -9.891677856445312
    ],
    "q": [
      -3.358425073007572e-15,
      -6.86252276640482e-16,
      2.9802322387695312e-08,
      1.0
    ]
  },
  "part3_locator": {
    "p": [
      4.470345871254722e-08,
      1.978686809539795,
      3.677734375
    ],
    "q": [
      -3.1780140856158684e-14,
      -6.862537589481397e-16,
      2.9802322387695312e-08,
      1.0
    ]
  },
  "strike_craft_locator_01": {
    "p": [
      1.0672224760055542,
      -1.5268449783325195,
      -5.585864543914795
    ],
    "q": [
      0.0,
      0.0,
      0.0,
      1.0
    ]
  },
  "strike_craft_locator_02": {
    "p": [
      -1.1058156490325928,
      -1.5268449783325195,
      -5.585864543914795
    ],
    "q": [
      0.0,
      0.0,
      0.0,
      1.0
    ]
  },
  "large_gun_01": {
    "p": [
      0.2698095440864563,
      0.6426326036453247,
      -4.012542724609375
    ],
    "q": [
      0.0,
      0.0,
      0.0,
      1.0
    ]
  },
  "large_gun_02": {
    "p": [
      0.2698095440864563,
      -0.5181127190589905,
      -4.012542724609375
    ],
    "q": [
      0.0,
      0.0,
      0.0,
      1.0
    ]
  },
  "large_gun_03": {
    "p": [
      -0.20920893549919128,
      0.6573886871337891,
      -4.012542724609375
    ],
    "q": [
      0.0,
      0.0,
      0.0,
      1.0
    ]
  },
  "large_gun_04": {
    "p": [
      -0.20920893549919128,
      -0.5033566355705261,
      -4.012542724609375
    ],
    "q": [
      0.0,
      0.0,
      0.0,
      1.0
    ]
  },
  "medium_gun_01": {
    "p": [
      0.2698095440864563,
      0.6426326036453247,
      -4.012542724609375
    ],
    "q": [
      0.0,
      0.0,
      0.0,
      1.0
    ]
  },
  "medium_gun_02": {
    "p": [
      0.2698095440864563,
      -0.5181127190589905,
      -4.012542724609375
    ],
    "q": [
      0.0,
      0.0,
      0.0,
      1.0
    ]
  },
  "medium_gun_03": {
    "p": [
      -0.20920893549919128,
      0.6573886871337891,
      -4.012542724609375
    ],
    "q": [
      0.0,
      0.0,
      0.0,
      1.0
    ]
  },
  "medium_gun_04": {
    "p": [
      -0.20920893549919128,
      -0.5033566355705261,
      -4.012542724609375
    ],
    "q": [
      0.0,
      0.0,
      0.0,
      1.0
    ]
  },
  "small_gun_01": {
    "p": [
      0.2698095440864563,
      0.6426326036453247,
      -4.012542724609375
    ],
    "q": [
      0.0,
      0.0,
      0.0,
      1.0
    ]
  },
  "small_gun_02": {
    "p": [
      0.2698095440864563,
      -0.5181127190589905,
      -4.012542724609375
    ],
    "q": [
      0.0,
      0.0,
      0.0,
      1.0
    ]
  },
  "small_gun_03": {
    "p": [
      -0.20920893549919128,
      0.6573886871337891,
      -4.012542724609375
    ],
    "q": [
      0.0,
      0.0,
      0.0,
      1.0
    ]
  },
  "small_gun_04": {
    "p": [
      -0.20920893549919128,
      -0.5033566355705261,
      -4.012542724609375
    ],
    "q": [
      0.0,
      0.0,
      0.0,
      1.0
    ]
  },
  "xl_gun_01": {
    "p": [
      0.2698095440864563,
      0.6426326036453247,
      -4.012542724609375
    ],
    "q": [
      0.0,
      0.0,
      0.0,
      1.0
    ]
  },
  "xl_gun_02": {
    "p": [
      0.2698095440864563,
      -0.5181127190589905,
      -4.012542724609375
    ],
    "q": [
      0.0,
      0.0,
      0.0,
      1.0
    ]
  },
  "xl_gun_03": {
    "p": [
      -0.20920893549919128,
      0.6573886871337891,
      -4.012542724609375
    ],
    "q": [
      0.0,
      0.0,
      0.0,
      1.0
    ]
  },
  "xl_gun_04": {
    "p": [
      -0.20920893549919128,
      -0.5033566355705261,
      -4.012542724609375
    ],
    "q": [
      0.0,
      0.0,
      0.0,
      1.0
    ]
  },
  "target_locator_1": {
    "p": [
      -9.860761315262648e-32,
      0.0,
      -4.224514484405518
    ],
    "q": [
      0.0,
      0.0,
      0.0,
      1.0
    ]
  },
  "target_locator_2": {
    "p": [
      -4.930380657631324e-32,
      0.0,
      2.863022565841675
    ],
    "q": [
      0.0,
      0.0,
      0.0,
      1.0
    ]
  },
  "target_locator_3": {
    "p": [
      9.860761315262648e-32,
      0.0,
      13.375029563903809
    ],
    "q": [
      0.0,
      0.0,
      0.0,
      1.0
    ]
  },
  "target_locator_4": {
    "p": [
      2.9582283945787943e-31,
      0.0,
      24.644123077392578
    ],
    "q": [
      0.0,
      0.0,
      0.0,
      1.0
    ]
  },
  "center": {
    "p": [
      0.0,
      0.0,
      7.5551323890686035
    ],
    "q": [
      0.0,
      0.0,
      0.0,
      1.0
    ]
  }
}