{
  "battleship_explosion_locator10": {
    "p": [
      2.844513177871704,
      -0.5936447381973267,
      -2.28326416015625
    ],
    "q": [
      -0.31413981318473816,
      0.6334952116012573,
      0.6334952116012573,
      -0.31413981318473816
    ],
    "pa": [
      "part1"
    ]
  },
  "battleship_explosion_locator11": {
    "p": [
      0.21380972862243652,
      -1.7199598550796509,
      -6.570740222930908
    ],
    "q": [
      -0.31413981318473816,
      0.6334952116012573,
      0.6334952116012573,
      -0.31413981318473816
    ],
    "pa": [
      "part1"
    ]
  },
  "battleship_explosion_locator12": {
    "p": [
      2.084713935852051,
      2.688152313232422,
      -7.357318878173828
    ],
    "q": [
      -0.5852932929992676,
      0.3967767059803009,
      0.3967767059803009,
      -0.5852932929992676
    ],
    "pa": [
      "part1"
    ]
  },
  "battleship_explosion_locator13": {
    "p": [
      1.498570203781128,
      1.7872422933578491,
      -10.720205307006836
    ],
    "q": [
      -0.5852932929992676,
      0.3967767059803009,
      0.3967767059803009,
      -0.5852932929992676
    ],
    "pa": [
      "part1"
    ]
  },
  "battleship_explosion_locator28": {
    "p": [
      -1.7261784076690674,
      -0.7405219674110413,
      -10.720205307006836
    ],
    "q": [
      -0.5851847529411316,
      -0.3969368040561676,
      -0.3969368040561676,
      -0.5851847529411316
    ],
    "pa": [
      "part1"
    ]
  },
  "battleship_explosion_locator27": {
    "p": [
      -2.771207094192505,
      -0.9917563199996948,
      -7.357318878173828
    ],
    "q": [
      -0.5851847529411316,
      -0.3969368040561676,
      -0.3969368040561676,
      -0.5851847529411316
    ],
    "pa": [
      "part1"
    ]
  },
  "battleship_explosion_locator26": {
    "p": [
      1.618025779724121,
      0.9230207800865173,
      -6.570740222930908
    ],
    "q": [
      -0.7047700881958008,
      -0.05743834003806114,
      -0.05743834003806114,
      -0.7047700881958008
    ],
    "pa": [
      "part1"
    ]
  },
  "battleship_explosion_locator25": {
    "p": [
      -1.066673994064331,
      1.9137649536132812,
      -2.28326416015625
    ],
    "q": [
      -0.7047700881958008,
      -0.05743834003806114,
      -0.05743834003806114,
      -0.7047700881958008
    ],
    "pa": [
      "part1"
    ]
  },
  "part1_locator": {
    "p": [
      0.0,
      5.551115123125783e-17,
      8.881784197001252e-16
    ],
    "q": [
      0.0,
      1.0,
      -0.0,
      -6.123234262925839e-17
    ],
    "pa": [
      "part1"
    ]
  },
  "battleship_explosion_locator1": {
    "p": [
      4.234079360961914,
      3.3379688262939453,
      0.012271449901163578
    ],
    "q": [
      -0.6055550575256348,
      0.3505507707595825,
      0.2893114984035492,
      -0.6532350778579712
    ],
    "pa": [
      "part2"
    ]
  },
  "battleship_explosion_locator2": {
    "p": [
      2.227461576461792,
      3.695587158203125,
      3.3007967472076416
    ],
    "q": [
      -0.6055550575256348,
      0.3505507707595825,
      0.2893114984035492,
      -0.6532350778579712
    ],
    "pa": [
      "part2"
    ]
  },
  "battleship_explosion_locator3": {
    "p": [
      4.015579700469971,
      1.2501899003982544,
      3.628652811050415
    ],
    "q": [
      -0.622752845287323,
      0.29643481969833374,
      0.2993473410606384,
      -0.6593151092529297
    ],
    "pa": [
      "part2"
    ]
  },
  "battleship_explosion_locator8": {
    "p": [
      2.0868968963623047,
      -2.378070592880249,
      2.394110679626465
    ],
    "q": [
      -0.31413981318473816,
      0.6334952116012573,
      0.6334952116012573,
      -0.31413981318473816
    ],
    "pa": [
      "part2"
    ]
  },
  "battleship_explosion_locator9": {
    "p": [
      3.7565441131591797,
      -1.397956371307373,
      -2.450838088989258
    ],
    "q": [
      -0.31413981318473816,
      0.6334952116012573,
      0.6334952116012573,
      -0.31413981318473816
    ],
    "pa": [
      "part2"
    ]
  },
  "battleship_explosion_locator14": {
    "p": [
      4.7150044441223145,
      2.8491973876953125,
      -5.076693534851074
    ],
    "q": [
      -0.5782140493392944,
      0.3698662519454956,
      0.3931298553943634,
      -0.611814022064209
    ],
    "pa": [
      "part2"
    ]
  },
  "battleship_explosion_locator15": {
    "p": [
      4.744207859039307,
      -0.9460386037826538,
      -4.845925331115723
    ],
    "q": [
      -0.5049996972084045,
      0.5481303930282593,
      0.49484339356422424,
      -0.44683152437210083
    ],
    "pa": [
      "part2"
    ]
  },
  "battleship_explosion_locator30": {
    "p": [
      -2.2039036750793457,
      3.4757282733917236,
      -4.845925331115723
    ],
    "q": [
      -0.6960858106613159,
      -0.26633840799331665,
      -0.232015922665596,
      -0.625057578086853
    ],
    "pa": [
      "part2"
    ]
  },
  "battleship_explosion_locator29": {
    "p": [
      -4.791971206665039,
      0.699656069278717,
      -5.076693534851074
    ],
    "q": [
      -0.5575647950172424,
      -0.40031734108924866,
      -0.42292463779449463,
      -0.5916098952293396
    ],
    "pa": [
      "part2"
    ]
  },
  "battleship_explosion_locator24": {
    "p": [
      -1.1759904623031616,
      3.1248667240142822,
      -2.450838088989258
    ],
    "q": [
      -0.7047700881958008,
      -0.05743834003806114,
      -0.05743834003806114,
      -0.7047700881958008
    ],
    "pa": [
      "part2"
    ]
  },
  "battleship_explosion_locator23": {
    "p": [
      0.7103018164634705,
      2.6886942386627197,
      2.394110679626465
    ],
    "q": [
      -0.7047700881958008,
      -0.05743834003806114,
      -0.05743834003806114,
      -0.7047700881958008
    ],
    "pa": [
      "part2"
    ]
  },
  "battleship_explosion_locator18": {
    "p": [
      -3.184730052947998,
      1.3799471855163574,
      3.628652811050415
    ],
    "q": [
      -0.5058254599571228,
      -0.4688660502433777,
      -0.5017555356025696,
      -0.522059977054596
    ],
    "pa": [
      "part2"
    ]
  },
  "battleship_explosion_locator17": {
    "p": [
      -3.567490816116333,
      -1.625186562538147,
      3.3007967472076416
    ],
    "q": [
      -0.5497369766235352,
      -0.4328649640083313,
      -0.4998205304145813,
      -0.5104867219924927
    ],
    "pa": [
      "part2"
    ]
  },
  "battleship_explosion_locator16": {
    "p": [
      -4.778773784637451,
      0.014081785455346107,
      0.012271449901163578
    ],
    "q": [
      -0.5497369766235352,
      -0.4328649640083313,
      -0.4998205304145813,
      -0.5104867219924927
    ],
    "pa": [
      "part2"
    ]
  },
  "part2_back_locator": {
    "p": [
      -1.3217003641375984e-15,
      1.7208456881689926e-15,
      4.930740833282471
    ],
    "q": [
      0.0,
      1.0,
      -0.0,
      -6.123234262925839e-17
    ],
    "pa": [
      "part2"
    ]
  },
  "part2_front_locator": {
    "p": [
      1.2915362503364519e-15,
      -1.5543122344752192e-15,
      -7.186723232269287
    ],
    "q": [
      0.0,
      0.0,
      -0.0,
      -1.0
    ],
    "pa": [
      "part2"
    ]
  },
  "part2_front_locator2": {
    "p": [
      -2.928236961364746,
      -1.27675647831893e-15,
      -7.186723232269287
    ],
    "q": [
      0.0,
      0.0,
      -0.0,
      -1.0
    ],
    "pa": [
      "part2"
    ]
  },
  "battleship_explosion_locator4": {
    "p": [
      4.187180519104004,
      1.5537526607513428,
      5.413776397705078
    ],
    "q": [
      -0.622752845287323,
      0.29643481969833374,
      0.2993473410606384,
      -0.6593151092529297
    ],
    "pa": [
      "part3"
    ]
  },
  "battleship_explosion_locator5": {
    "p": [
      2.5658628940582275,
      -0.45107173919677734,
      10.423985481262207
    ],
    "q": [
      -0.32293087244033813,
      0.6153974533081055,
      0.6062180399894714,
      -0.3866540193557739
    ],
    "pa": [
      "part3"
    ]
  },