{
  "engine_medium_01": {
    "p": [
      0.0,
      0.0,
      15.310948371887207
    ],
    "q": [
      0.0,
      0.0,
      0.0,
      1.0
    ]
  },
  "engine_medium_02": {
    "p": [
      0.0,
      1.338673710823059,
      15.310948371887207
    ],
    "q": [
      0.0,
      0.0,
      0.0,
      1.0
    ]
  },
  "engine_medium_03": {
    "p": [
      0.0,
      -1.2749272584915161,
      15.310948371887207
    ],
    "q": [
      0.0,
      0.0,
      0.0,
      1.0
    ]
  },
  "explosion_locator1": {
    "p": [
      7.269769325301992e-16,
      3.274013042449951,
      -14.809554100036621
    ],
    "q": [
      0.0,
      0.0,
      0.0,
      1.0
    ]
  },
  "explosion_locator2": {
    "p": [
      1.8474030494689941,
      4.03896951675415,
      5.8083600997924805
    ],
    "q": [
      0.0,
      0.0,
      0.0,
      1.0
    ]
  },
  "explosion_locator3": {
    "p": [
      -8.696546561766209e-16,
      -3.916576385498047,
      10.036226272583008
    ],
    "q": [
      0.0,
      0.0,
      0.0,
      1.0
    ]
  },
  "explosion_locator4": {
    "p": [
      7.405652997678487e-16,
      3.335209608078003,
      19.00151252746582
    ],
    "q": [
      0.0,
      0.0,
      0.0,
      1.0
    ]
  },
  "explosion_locator5": {
    "p": [
      -2.6763405799865723,
      2.6926462650299072,
      -0.7995264530181885
    ],
    "q": [
      0.0,
      0.0,
      0.0,
      1.0
    ]
  },
  "large_gun_01": {
    "p": [
      0.5038252472877502,
      1.4313420057296753,
      -21.758708953857422
    ],
    "q": [
      0.0,
      0.0,
      0.0,
      1.0
    ]
  },
  "large_gun_02": {
    "p": [
      0.3501158654689789,
      -0.7968296408653259,
      -21.758708953857422
    ],
    "q": [
      0.0,
      0.0,
      0.0,
      1.0
    ]
  },
  "large_gun_03": {
    "p": [
      -0.4782070517539978,
      1.4460980892181396,
      -21.758708953857422
    ],
    "q": [
      0.0,
      0.0,
      0.0,
      1.0
    ]
  },
  "large_gun_04": {
    "p": [
      -0.5123646855354309,
      -0.7820734977722168,
      -21.758708953857422
    ],
    "q": [
      0.0,
      0.0,
      0.0,
      1.0
    ]
  },
  "medium_gun_01": {
    "p": [
      0.5038252472877502,
      1.4313420057296753,
      -21.758708953857422
    ],
    "q": [
      0.0,
      0.0,
      0.0,
      1.0
    ]
  },
  "medium_gun_02": {
    "p": [
      0.3501158654689789,
      -0.7968296408653259,
      -21.758708953857422
    ],
    "q": [
      0.0,
      0.0,
      0.0,
      1.0
    ]
  },
  "medium_gun_03": {
    "p": [
      -0.4782070517539978,
      1.4460980892181396,
      -21.758708953857422
    ],
    "q": [
      0.0,
      0.0,
      0.0,
      1.0
    ]
  },
  "medium_gun_04": {
    "p": [
      -0.5123646855354309,
      -0.7820734977722168,
      -21.758708953857422
    ],
    "q": [
      0.0,
      0.0,
      0.0,
      1.0
    ]
  },
  "part1_locator": {
    "p": [
      4.47035120032524e-08,
      2.6926462650299072,
      -19.67467498779297
    ],
    "q": [
      -2.9802322387695312e-08,
      1.0,
      -2.953012319265383e-14,
      -7.549790126404332e-08
    ]
  },
  "part2_back_locator": {
    "p": [
      4.470345871254722e-08,
      3.4576027393341064,
      10.525798797607422
    ],
    "q": [
      -2.9802322387695312e-08,
      1.0,
      -1.1084122799421637e-15,
      -7.549790126404332e-08
    ]
  },
  "part2_front_locator": {
    "p": [
      4.470351555596608e-08,
      2.753842830657959,
      -6.639820575714111
    ],
    "q": [
      -3.358425073007572e-15,
      -6.86252276640482e-16,
      2.9802322387695312e-08,
      1.0
    ]
  },
  "part3_locator": {
    "p": [
      4.470345871254722e-08,
      2.5396549701690674,
      16.584253311157227
    ],
    "q": [
      -3.1780140856158684e-14,
      -6.862537589481397e-16,
      2.9802322387695312e-08,
      1.0
    ]
  },
  "small_gun_01": {
    "p": [
      0.5038252472877502,
      1.4313420057296753,
      -21.758708953857422
    ],
    "q": [
      0.0,
      0.0,
      0.0,
      1.0
    ]
  },
  "small_gun_02": {
    "p": [
      0.3501158654689789,
      -0.7968296408653259,
      -21.758708953857422
    ],
    "q": [
      0.0,
      0.0,
      0.0,
      1.0
    ]
  },
  "small_gun_03": {
    "p": [
      -0.4782070517539978,
      1.4460980892181396,
      -21.758708953857422
    ],
    "q": [
      0.0,
      0.0,
      0.0,
      1.0
    ]
  },
  "small_gun_04": {
    "p": [
      -0.5123646855354309,
      -0.7820734977722168,
      -21.758708953857422
    ],
    "q": [
      0.0,
      0.0,
      0.0,
      1.0
    ]
  },
  "strike_craft_locator_01": {
    "p": [
      1.0672224760055542,
      1.9073486328125e-06,
      -7.6318583488464355
    ],
    "q": [
      0.0,
      0.0,
      0.0,
      1.0
    ]
  },
  "strike_craft_locator_02": {
    "p": [
      -1.1058156490325928,
      1.9073486328125e-06,
      -7.6318583488464355
    ],
    "q": [
      0.0,
      0.0,
      0.0,
      1.0
    ]
  },
  "xl_gun_01": {
    "p": [
      0.5038252472877502,
      1.4313420057296753,
      -21.758708953857422
    ],
    "q": [
      0.0,
      0.0,
      0.0,
      1.0
    ]
  },
  "xl_gun_02": {
    "p": [
      0.3501158654689789,
      -0.7968296408653259,
      -21.758708953857422
    ],
    "q": [
      0.0,
      0.0,
      0.0,
      1.0
    ]
  },
  "xl_gun_03": {
    "p": [
      -0.4782070517539978,
      1.4460980892181396,
      -21.758708953857422
    ],
    "q": [
      0.0,
      0.0,
      0.0,
      1.0
    ]
  },
  "xl_gun_04": {
    "p": [
      -0.5123646855354309,
      -0.7820734977722168,
      -21.758708953857422
    ],
    "q": [
      0.0,
      0.0,
      0.0,
      1.0
    ]
  }
}