{
  "light_locator_02": {
    "p": [
      -0.03933670371770859,
      -9.283723831176758,
      0.0
    ],
    "q": [
      0.0,
      0.0,
      0.0,
      1.0
    ]
  },
  "light_locator_03": {
    "p": [
      31.937698364257812,
      8.141460418701172,
      0.019772518426179886
    ],
    "q": [
      0.0,
      0.0,
      0.0,
      1.0
    ]
  },
  "light_locator_04": {
    "p": [
      -15.968841552734375,
      8.102437019348145,
      27.678634643554688
    ],
    "q": [
      0.0,
      -0.2588191032409668,
      0.0,
      0.9659258127212524
    ]
  },
  "light_locator_05": {
    "p": [
      -15.968841552734375,
      8.136314392089844,
      -27.639089584350586
    ],
    "q": [
      0.0,
      -0.4999999701976776,
      0.0,
      0.8660253882408142
    ]
  },
  "light_locator_06": {
    "p": [
      15.968856811523438,
      8.197175025939941,
      27.678634643554688
    ],
    "q": [
      0.0,
      -0.4999999701976776,
      0.0,
      0.8660253882408142
    ]
  },
  "light_locator_07": {
    "p": [
      -31.937698364257812,
      8.164713859558105,
      0.019772518426179886
    ],
    "q": [
      0.0,
      0.0,
      0.0,
      1.0
    ]
  },
  "light_locator_08": {
    "p": [
      15.968856811523438,
      8.123229026794434,
      -27.639089584350586
    ],
    "q": [
      0.0,
      -0.2588191032409668,
      0.0,
      0.9659258127212524
    ]
  },
  "medium_gun_01": {
    "p": [
      0.0,
      18.16994285583496,
      0.0
    ],
    "q": [
      0.0,
      0.0,
      0.0,
      1.0
    ]
  },
  "medium_gun_02": {
    "p": [
      -7.62939453125e-06,
      8.84335708618164,
      -16.482791900634766
    ],
    "q": [
      0.0,
      0.0,
      0.0,
      1.0
    ]
  },
  "medium_gun_03": {
    "p": [
      14.274513244628906,
      8.84335708618164,
      -8.241395950317383
    ],
    "q": [
      0.0,
      -0.4999999701976776,
      0.0,
      0.8660253882408142
    ]
  },
  "medium_gun_04": {
    "p": [
      14.274513244628906,
      8.84335708618164,
      8.241395950317383
    ],
    "q": [
      0.0,
      -0.8660253882408142,
      0.0,
      0.5000000596046448
    ]
  },
  "medium_gun_05": {
    "p": [
      -7.62939453125e-06,
      8.84335708618164,
      16.482791900634766
    ],
    "q": [
      -0.0,
      -1.0,
      -0.0,
      4.371138828673793e-08
    ]
  },
  "medium_gun_06": {
    "p": [
      -14.274513244628906,
      8.84335708618164,
      8.241395950317383
    ],
    "q": [
      0.0,
      0.8660253882408142,
      0.0,
      0.5000000596046448
    ]
  },
  "medium_gun_07": {
    "p": [
      -14.274513244628906,
      8.84335708618164,
      -8.241395950317383
    ],
    "q": [
      0.0,
      0.4999999701976776,
      0.0,
      0.8660253882408142
    ]
  },
  "medium_gun_08": {
    "p": [
      -12.75994873046875,
      8.81930923461914,
      -22.081119537353516
    ],
    "q": [
      0.0,
      0.2588191032409668,
      0.0,
      0.9659258127212524
    ]
  },
  "medium_gun_09": {
    "p": [
      12.759963989257812,
      8.81930923461914,
      -22.081119537353516
    ],
    "q": [
      0.0,
      -0.2588191032409668,
      0.0,
      0.9659258127212524
    ]
  },
  "medium_gun_010": {
    "p": [
      25.519912719726562,
      8.81930923461914,
      0.019772548228502274
    ],
    "q": [
      0.0,
      -0.7071068286895752,
      0.0,
      0.7071067094802856
    ]
  },
  "medium_gun_011": {
    "p": [
      12.759963989257812,
      8.81930923461914,
      22.120662689208984
    ],
    "q": [
      -0.0,
      -0.9659258127212524,
      -0.0,
      0.2588190734386444
    ]
  },
  "medium_gun_012": {
    "p": [
      -12.75994873046875,
      8.81930923461914,
      22.120662689208984
    ],
    "q": [
      0.0,
      0.9659258127212524,
      0.0,
      0.2588190734386444
    ]
  },
  "medium_gun_013": {
    "p": [
      -25.519912719726562,
      8.81930923461914,
      0.019772488623857498
    ],
    "q": [
      0.0,
      0.7071068286895752,
      0.0,
      0.7071067094802856
    ]
  },
  "part1": {
    "p": [
      9.412520642190694e-15,
      0.0,
      6.470276832580566
    ],
    "q": [
      0.0,
      1.0,
      0.0,
      4.371138828673793e-08
    ]
  },
  "part2": {
    "p": [
      5.603424072265625,
      0.0,
      -3.235138416290283
    ],
    "q": [
      0.0,
      -0.4999999701976776,
      0.0,
      0.8660253882408142
    ]
  },
  "part3": {
    "p": [
      -5.603424072265625,
      0.0,
      3.235138416290283
    ],
    "q": [
      0.0,
      0.8660253882408142,
      0.0,
      0.5000000596046448
    ]
  },
  "part4": {
    "p": [
      -5.603424072265625,
      0.0,
      -3.235138416290283
    ],
    "q": [
      0.0,
      0.4999999701976776,
      0.0,
      0.8660253882408142
    ]
  },
  "part5": {
    "p": [
      5.603424072265625,
      0.0,
      3.235138416290283
    ],
    "q": [
      0.0,
      -0.8660253882408142,
      0.0,
      0.5000000596046448
    ]
  },
  "part6": {
    "p": [
      0.0,
      0.0,
      -6.470276832580566
    ],
    "q": [
      0.0,
      0.0,
      0.0,
      1.0
    ]
  },
  "dust_locator_01": {
    "p": [
      0.018651962280273438,
      -1.7436420917510986,
      0.08247707039117813
    ],
    "q": [
      0.5217319130897522,
      -0.474211186170578,
      0.5212259292602539,
      0.48087745904922485
    ],
    "pa": [
      "cylinder_1"
    ]
  },
  "dust_locator_02": {
    "p": [
      0.036552298814058304,
      -1.895381212234497,
      -0.08036844432353973
    ],
    "q": [
      0.25971779227256775,
      0.6632124185562134,
      -0.6409590840339661,
      0.2861248552799225
    ],
    "pa": [
      "cylinder_2"
    ]
  },
  "dust_locator_03": {
    "p": [
      0.0012520551681518555,
      -1.757904052734375,
      0.05797039344906807
    ],
    "q": [
      0.4967237412929535,
      -0.5015016198158264,
      0.49084964394569397,
      0.5107135772705078
    ],
    "pa": [
      "cylinder_3"
    ]
  },
  "light_locator_01": {
    "p": [
      -0.0017374120652675629,
      0.012764238752424717,
      -0.049656085669994354
    ],
    "q": [
      -0.006740891840308905,
      0.7164077758789062,
      -0.009311300702393055,
      0.6975870728492737
    ],
    "pa": [
      "cylinder_2_2"
    ]
  }
}