{
  "light_locator_01": {
    "p": [
      7.364037739584291e-16,
      17.157079696655273,
      -4.9697723388671875
    ],
    "q": [
      0.0,
      0.0,
      0.0,
      1.0
    ]
  },
  "light_locator_02": {
    "p": [
      7.641178449596425e-16,
      17.144670486450195,
      5.064022064208984
    ],
    "q": [
      0.0,
      0.0,
      0.0,
      1.0
    ]
  },
  "light_locator_03": {
    "p": [
      -0.00722755491733551,
      -19.87979507446289,
      -0.0008035898208618164
    ],
    "q": [
      0.0,
      0.0,
      0.0,
      1.0
    ]
  },
  "medium_gun_01": {
    "p": [
      1.0006715456256643e-09,
      17.81985092163086,
      0.0
    ],
    "q": [
      0.0,
      0.0,
      0.0,
      1.0
    ]
  }
}