{
  "0_Empty": {
    "p": [
      0.0,
      0.0,
      0.0
    ],
    "q": [
      0.0,
      0.0,
      0.0,
      1.0
    ],
    "tx": [
      1000000.0,
      0.0,
      0.0,
      0.0,
      0.0,
      1000000.0,
      0.0,
      0.0,
      0.0,
      0.0,
      1000000.0,
      0.0,
      0.0,
      0.0,
      0.0,
      1.0
    ]
  },
  "exhaust": {
    "p": [
      9.306347914517232e-10,
      -48417.08984375,
      6571737.5
    ],
    "q": [
      0.0,
      0.0,
      0.0,
      1.0
    ],
    "tx": [
      1000000.0,
      0.0,
      0.0,
      0.0,
      0.0,
      1000000.0,
      0.0,
      0.0,
      0.0,
      0.0,
      1000000.0,
      0.0,
      9.306347914517232e-10,
      -48417.08984375,
      6571737.5,
      1.0
    ]
  },
  "explosion_locator1": {
    "p": [
      4.031403821880275e-10,
      2631077.0,
      -3285322.25
    ],
    "q": [
      0.0,
      0.0,
      0.0,
      1.0
    ],
    "tx": [
      1000000.0,
      0.0,
      0.0,
      0.0,
      0.0,
      1000000.0,
      0.0,
      0.0,
      0.0,
      0.0,
      1000000.0,
      0.0,
      4.031403821880275e-10,
      2631077.0,
      -3285322.25,
      1.0
    ]
  },
  "explosion_locator2": {
    "p": [
      1847403.0,
      3757748.5,
      2642030.75
    ],
    "q": [
      0.0,
      0.0,
      0.0,
      1.0
    ],
    "tx": [
      1000000.0,
      0.0,
      0.0,
      0.0,
      0.0,
      1000000.0,
      0.0,
      0.0,
      0.0,
      0.0,
      1000000.0,
      0.0,
      1847403.0,
      3757748.5,
      2642030.75,
      1.0
    ]
  },
  "explosion_locator3": {
    "p": [
      -26502.193359375,
      -3327570.0,
      -72957.9921875
    ],
    "q": [
      0.0,
      0.0,
      0.0,
      1.0
    ],
    "tx": [
      1000000.0,
      0.0,
      0.0,
      0.0,
      0.0,
      1000000.0,
      0.0,
      0.0,
      0.0,
      0.0,
      1000000.0,
      0.0,
      -26502.193359375,
      -3327570.0,
      -72957.9921875,
      1.0
    ]
  },
  "explosion_locator4": {
    "p": [
      1580207.5,
      2036396.5,
      6234346.5
    ],
    "q": [
      0.0,
      0.0,
      0.0,
      1.0
    ],
    "tx": [
      1000000.0,
      0.0,
      0.0,
      0.0,
      0.0,
      1000000.0,
      0.0,
      0.0,
      0.0,
      0.0,
      1000000.0,
      0.0,
      1580207.5,
      2036396.5,
      6234346.5,
      1.0
    ]
  },
  "explosion_locator5": {
    "p": [
      -4917033.0,
      1317910.25,
      -916839.625
    ],
    "q": [
      0.0,
      0.0,
      0.0,
      1.0
    ],
    "tx": [
      1000000.0,
      0.0,
      0.0,
      0.0,
      0.0,
      1000000.0,
      0.0,
      0.0,
      0.0,
      0.0,
      1000000.0,
      0.0,
      -4917033.0,
      1317910.25,
      -916839.625,
      1.0
    ]
  },
  "large_gun_01": {
    "p": [
      382323.46875,
      375274.46875,
      -6201608.0
    ],
    "q": [
      0.0,
      0.0,
      0.0,
      1.0
    ],
    "tx": [
      1000000.0,
      0.0,
      0.0,
      0.0,
      0.0,
      1000000.0,
      0.0,
      0.0,
      0.0,
      0.0,
      1000000.0,
      0.0,
      382323.46875,
      375274.46875,
      -6201608.0,
      1.0
    ]
  },
  "large_gun_02": {
    "p": [
      382323.46875,
      -100072.328125,
      -6201608.0
    ],
    "q": [
      0.0,
      0.0,
      0.0,
      1.0
    ],
    "tx": [
      1000000.0,
      0.0,
      0.0,
      0.0,
      0.0,
      1000000.0,
      0.0,
      0.0,
      0.0,
      0.0,
      1000000.0,
      0.0,
      382323.46875,
      -100072.328125,
      -6201608.0,
      1.0
    ]
  },
  "large_gun_03": {
    "p": [
      -400499.53125,
      387412.125,
      -6200267.5
    ],
    "q": [
      0.0,
      0.0,
      0.0,
      1.0
    ],
    "tx": [
      1000000.0,
      0.0,
      0.0,
      0.0,
      0.0,
      1000000.0,
      0.0,
      0.0,
      0.0,
      0.0,
      1000000.0,
      0.0,
      -400499.53125,
      387412.125,
      -6200267.5,
      1.0
    ]
  },
  "large_gun_04": {
    "p": [
      -400499.53125,
      -87934.671875,
      -6200267.5
    ],
    "q": [
      0.0,
      0.0,
      0.0,
      1.0
    ],
    "tx": [
      1000000.0,
      0.0,
      0.0,
      0.0,
      0.0,
      1000000.0,
      0.0,
      0.0,
      0.0,
      0.0,
      1000000.0,
      0.0,
      -400499.53125,
      -87934.671875,
      -6200267.5,
      1.0
    ]
  },
  "medium_gun_01": {
    "p": [
      382323.46875,
      375274.46875,
      -6201608.0
    ],
    "q": [
      0.0,
      0.0,
      0.0,
      1.0
    ],
    "tx": [
      1000000.0,
      0.0,
      0.0,
      0.0,
      0.0,
      1000000.0,
      0.0,
      0.0,
      0.0,
      0.0,
      1000000.0,
      0.0,
      382323.46875,
      375274.46875,
      -6201608.0,
      1.0
    ]
  },
  "medium_gun_02": {
    "p": [
      382323.46875,
      -100072.328125,
      -6201608.0
    ],
    "q": [
      0.0,
      0.0,
      0.0,
      1.0
    ],
    "tx": [
      1000000.0,
      0.0,
      0.0,
      0.0,
      0.0,
      1000000.0,
      0.0,
      0.0,
      0.0,
      0.0,
      1000000.0,
      0.0,
      382323.46875,
      -100072.328125,
      -6201608.0,
      1.0
    ]
  },
  "medium_gun_03": {
    "p": [
      -400499.53125,
      387412.125,
      -6200267.5
    ],
    "q": [
      0.0,
      0.0,
      0.0,
      1.0
    ],
    "tx": [
      1000000.0,
      0.0,
      0.0,
      0.0,
      0.0,
      1000000.0,
      0.0,
      0.0,
      0.0,
      0.0,
      1000000.0,
      0.0,
      -400499.53125,
      387412.125,
      -6200267.5,
      1.0
    ]
  },
  "medium_gun_04": {
    "p": [
      -400499.53125,
      -87934.671875,
      -6200267.5
    ],
    "q": [
      0.0,
      0.0,
      0.0,
      1.0
    ],
    "tx": [
      1000000.0,
      0.0,
      0.0,
      0.0,
      0.0,
      1000000.0,
      0.0,
      0.0,
      0.0,
      0.0,
      1000000.0,
      0.0,
      -400499.53125,
      -87934.671875,
      -6200267.5,
      1.0
    ]
  },
  "part1_locator": {
    "p": [
      0.04470348358154297,
      998323.75,
      5095040.5
    ],
    "q": [
      2.9802322387695312e-08,
      -1.0,
      2.9530129968917407e-14,
      7.549790126404332e-08
    ],
    "tx": [
      -1000000.0,
      -0.059604644775390625,
      0.15099580585956573,
      0.0,
      -0.059604644775390625,
      1000000.0,
      -5.456023899341744e-08,
      0.0,
      -0.15099580585956573,
      -6.35602859233586e-08,
      -1000000.0,
      0.0,
      0.04470348358154297,
      998323.75,
      5095040.5,
      1.0
    ]
  },
  "part2_back_locator": {
    "p": [
      0.04470345750451088,
      730664.75,
      -3243673.25
    ],
    "q": [
      2.9802322387695312e-08,
      -1.0,
      1.1084122799421637e-15,
      7.549790126404332e-08
    ],
    "tx": [
      -1000000.0,
      -0.059604644775390625,
      0.15099580585956573,
      0.0,
      -0.059604644775390625,
      1000000.0,
      2.2832007395834353e-09,
      0.0,
      -0.15099580585956573,
      -6.716850187160617e-09,
      -1000000.0,
      0.0,
      0.04470345750451088,
      730664.75,
      -3243673.25,
      1.0
    ]
  },
  "part2_front_locator": {
    "p": [
      0.04470348358154297,
      969588.8125,
      7506313.5
    ],
    "q": [
      -3.358425073007572e-15,
      -6.86252276640482e-16,
      2.9802322387695312e-08,
      1.0
    ],
    "tx": [
      1000000.0,
      0.059604644775390625,
      1.3725043324086528e-09,
      0.0,
      -0.059604644775390625,
      1000000.0,
      -6.716850187160617e-09,
      0.0,
      -1.3725047764978626e-09,
      6.716850187160617e-09,
      1000000.0,
      0.0,
      0.04470348358154297,
      969588.8125,
      7506313.5,
      1.0
    ]
  },
  "part3_locator": {
    "p": [
      0.04470345750451088,
      1147289.125,
      -4616953.0
    ],
    "q": [
      -3.1780140856158684e-14,
      -6.862537589481397e-16,
      2.9802322387695312e-08,
      1.0
    ],