{
  "0_Empty": {
    "p": [
      0.0,
      0.0,
      0.0
    ],
    "q": [
      0.0,
      0.0,
      0.0,
      1.0
    ],
    "tx": [
      1000000.0,
      0.0,
      0.0,
      0.0,
      0.0,
      1000000.0,
      0.0,
      0.0,
      0.0,
      0.0,
      1000000.0,
      0.0,
      0.0,
      0.0,
      0.0,
      1.0
    ]
  },
  "exhaust": {
    "p": [
      3.2119717996437203e-10,
      -106662.1875,
      32733398.0
    ],
    "q": [
      0.0,
      0.0,
      0.0,
      1.0
    ],
    "tx": [
      1000000.0,
      0.0,
      0.0,
      0.0,
      0.0,
      1000000.0,
      0.0,
      0.0,
      0.0,
      0.0,
      1000000.0,
      0.0,
      3.2119717996437203e-10,
      -106662.1875,
      32733398.0,
      1.0
    ]
  },
  "engine_medium_01": {
    "p": [
      7921270.5,
      4298076.5,
      27104672.0
    ],
    "q": [
      -0.0,
      -1.0,
      -0.0,
      7.549790126404332e-08
    ],
    "tx": [
      -1000000.0,
      0.0,
      0.15099580585956573,
      0.0,
      0.0,
      1000000.0,
      0.0,
      0.0,
      -0.15099580585956573,
      0.0,
      -1000000.0,
      0.0,
      7921270.5,
      4298076.5,
      27104672.0,
      1.0
    ]
  },
  "engine_medium_02": {
    "p": [
      -7719433.0,
      4296246.5,
      27115574.0
    ],
    "q": [
      -0.0,
      -1.0,
      -0.0,
      7.549790126404332e-08
    ],
    "tx": [
      -1000000.0,
      0.0,
      0.15099580585956573,
      0.0,
      0.0,
      1000000.0,
      0.0,
      0.0,
      -0.15099580585956573,
      0.0,
      -1000000.0,
      0.0,
      -7719433.0,
      4296246.5,
      27115574.0,
      1.0
    ]
  },
  "engine_medium_03": {
    "p": [
      7893849.5,
      -4482326.0,
      27359448.0
    ],
    "q": [
      -0.0,
      -1.0,
      -0.0,
      7.549790126404332e-08
    ],
    "tx": [
      -1000000.0,
      0.0,
      0.15099580585956573,
      0.0,
      0.0,
      1000000.0,
      0.0,
      0.0,
      -0.15099580585956573,
      0.0,
      -1000000.0,
      0.0,
      7893849.5,
      -4482326.0,
      27359448.0,
      1.0
    ]
  },
  "explosion_locator1": {
    "p": [
      1155894.625,
      224419.109375,
      -17614032.0
    ],
    "q": [
      0.0,
      0.0,
      0.0,
      1.0
    ],
    "tx": [
      1000000.0,
      0.0,
      0.0,
      0.0,
      0.0,
      1000000.0,
      0.0,
      0.0,
      0.0,
      0.0,
      1000000.0,
      0.0,
      1155894.625,
      224419.109375,
      -17614032.0,
      1.0
    ]
  },
  "explosion_locator2": {
    "p": [
      368498.90625,
      4038969.5,
      3003881.5
    ],
    "q": [
      0.0,
      0.0,
      0.0,
      1.0
    ],
    "tx": [
      1000000.0,
      0.0,
      0.0,
      0.0,
      0.0,
      1000000.0,
      0.0,
      0.0,
      0.0,
      0.0,
      1000000.0,
      0.0,
      368498.90625,
      4038969.5,
      3003881.5,
      1.0
    ]
  },
  "explosion_locator3": {
    "p": [
      -8.696546816011619e-10,
      -3916576.5,
      7231748.5
    ],
    "q": [
      0.0,
      0.0,
      0.0,
      1.0
    ],
    "tx": [
      1000000.0,
      0.0,
      0.0,
      0.0,
      0.0,
      1000000.0,
      0.0,
      0.0,
      0.0,
      0.0,
      1000000.0,
      0.0,
      -8.696546816011619e-10,
      -3916576.5,
      7231748.5,
      1.0
    ]
  },
  "explosion_locator4": {
    "p": [
      7.405652757697112e-10,
      3335209.5,
      16197035.0
    ],
    "q": [
      0.0,
      0.0,
      0.0,
      1.0
    ],
    "tx": [
      1000000.0,
      0.0,
      0.0,
      0.0,
      0.0,
      1000000.0,
      0.0,
      0.0,
      0.0,
      0.0,
      1000000.0,
      0.0,
      7.405652757697112e-10,
      3335209.5,
      16197035.0,
      1.0
    ]
  },
  "explosion_locator5": {
    "p": [
      -3293082.25,
      430044.1875,
      -3604006.75
    ],
    "q": [
      0.0,
      0.0,
      0.0,
      1.0
    ],
    "tx": [
      1000000.0,
      0.0,
      0.0,
      0.0,
      0.0,
      1000000.0,
      0.0,
      0.0,
      0.0,
      0.0,
      1000000.0,
      0.0,
      -3293082.25,
      430044.1875,
      -3604006.75,
      1.0
    ]
  },
  "large_gun_01": {
    "p": [
      1023837.0,
      138787.921875,
      -29751938.0
    ],
    "q": [
      0.0,
      0.0,
      0.0,
      1.0
    ],
    "tx": [
      1000000.0,
      0.0,
      0.0,
      0.0,
      0.0,
      1000000.0,
      0.0,
      0.0,
      0.0,
      0.0,
      1000000.0,
      0.0,
      1023837.0,
      138787.921875,
      -29751938.0,
      1.0
    ]
  },
  "large_gun_02": {
    "p": [
      -1046069.5,
      210502.75,
      -29819580.0
    ],
    "q": [
      0.0,
      0.0,
      0.0,
      1.0
    ],
    "tx": [
      1000000.0,
      0.0,
      0.0,
      0.0,
      0.0,
      1000000.0,
      0.0,
      0.0,
      0.0,
      0.0,
      1000000.0,
      0.0,
      -1046069.5,
      210502.75,
      -29819580.0,
      1.0
    ]
  },
  "large_gun_03": {
    "p": [
      -1057608.125,
      -270939.8125,
      -29810618.0
    ],
    "q": [
      0.0,
      0.0,
      0.0,
      1.0
    ],
    "tx": [
      1000000.0,
      0.0,
      0.0,
      0.0,
      0.0,
      1000000.0,
      0.0,
      0.0,
      0.0,
      0.0,
      1000000.0,
      0.0,
      -1057608.125,
      -270939.8125,
      -29810618.0,
      1.0
    ]
  },
  "large_gun_04": {
    "p": [
      1068368.0,
      -700115.6875,
      -29614266.0
    ],
    "q": [
      0.0,
      0.0,
      0.0,
      1.0
    ],
    "tx": [
      1000000.0,
      0.0,
      0.0,
      0.0,
      0.0,
      1000000.0,
      0.0,
      0.0,
      0.0,
      0.0,
      1000000.0,
      0.0,
      1068368.0,
      -700115.6875,
      -29614266.0,
      1.0
    ]
  },
  "medium_gun_01": {
    "p": [
      1096706.875,
      108776.703125,
      -29770182.0
    ],
    "q": [
      0.0,
      0.0,
      0.0,
      1.0
    ],
    "tx": [
      1000000.0,
      0.0,
      0.0,
      0.0,
      0.0,
      1000000.0,
      0.0,
      0.0,
      0.0,
      0.0,
      1000000.0,
      0.0,
      1096706.875,
      108776.703125,
      -29770182.0,
      1.0
    ]
  },
  "medium_gun_02": {
    "p": [
      1103706.25,
      -719414.25,
      -29594964.0
    ],
    "q": [
      0.0,
      0.0,
      0.0,
      1.0
    ],
    "tx": [
      1000000.0,
      0.0,
      0.0,
      0.0,
      0.0,
      1000000.0,
      0.0,
      0.0,
      0.0,
      0.0,
      1000000.0,
      0.0,
      1103706.25,
      -719414.25,
      -29594964.0,
      1.0
    ]
  },
  "medium_gun_03": {
    "p": [
      -1048131.9375,
      123532.90625,
      -29764286.0
    ],
    "q": [
      0.0,
      0.0,
      0.0,
      1.0
    ],
    "tx": [
      1000000.0,
      0.0,
      0.0,
      0.0,
      0.0,
      1000000.0,
      0.0,
      0.0,
      0.0,
      0.0,
      1000000.0,
      0.0,
      -1048131.9375,
      123532.90625,
      -29764286.0,
      1.0
    ]
  },
  "medium_gun_04": {
    "p": [
      -1040181.875,
      -704658.0625,
      -29594964.0
    ],
    "q": [
      0.0,
      0.0,
      0.0,
      1.0
    ],
    "tx": [
      1000000.0,
      0.0,
      0.0,
      0.0,
      0.0,
      1000000.0,
      0.0,
      0.0,
      0.0,
      0.0,
      1000000.0,
      0.0,
      -1040181.875,
      -704658.0625,
      -29594964.0,
      1.0
    ]
  },
  "part1_locator": {
    "p": [
      0.0,
      0.0,
      0.0
    ],
    "q": [
      2.9802322387695312e-08,
      -1.0,
      -2.2500127930654085e-15,
      7.549790126404332e-08
    ],
    "tx": [
      -1000000.0,
      -0.059604644775390625,
      0.15099580585956573,
      0.0,
      -0.059604644775390625,
      1000000.0,
      9.000051370833262e-09,
      0.0,
      -0.15099580585956573,
      0.0,
      -1000000.0,
      0.0,
      0.0,
      0.0,
      0.0,
      1.0
    ]
  },
  "part2_back_locator": {
    "p": [
      0.0,
      0.0,
      0.0
    ],
    "q": [
      2.9802322387695312e-08,
      -1.0,
      1.1084122799421637e-15,
      7.549790126404332e-08
    ],