{
  "exhaust": {
    "p": [
      9.306347815109446e-16,
      -0.048417091369628906,
      2.5827531814575195
    ],
    "q": [
      0.0,
      0.0,
      0.0,
      1.0
    ]
  }
}