{
  "xl_gun_01": {
    "p": [
      0.0,
      0.0,
      -8.386091232299805
    ],
    "q": [
      0.0,
      0.0,
      0.0,
      1.0
    ]
  },
  "xl_windup_wing_1_1": {
    "p": [
      -1.0463603734970093,
      1.8123494386672974,
      -11.24836540222168
    ],
    "q": [
      0.0,
      0.0,
      0.0,
      1.0
    ]
  },
  "xl_windup_wing_1_2": {
    "p": [
      -0.9258031845092773,
      1.6035380363464355,
      -12.98886775970459
    ],
    "q": [
      0.0,
      0.0,
      0.0,
      1.0
    ]
  },
  "xl_windup_wing_1_3": {
    "p": [
      -0.7830230593681335,
      1.3562356233596802,
      -18.34381675720215
    ],
    "q": [
      0.0,
      0.0,
      0.0,
      1.0
    ]
  },
  "xl_windup_wing_1_4": {
    "p": [
      -0.6732736229896545,
      1.1661440134048462,
      -23.154518127441406
    ],
    "q": [
      0.0,
      0.0,
      0.0,
      1.0
    ]
  },
  "xl_windup_wing_2_1": {
    "p": [
      2.0927207469940186,
      -2.3233868103630755e-15,
      -7.1279473304748535
    ],
    "q": [
      0.0,
      0.0,
      0.0,
      1.0
    ]
  },
  "xl_windup_wing_2_2": {
    "p": [
      1.8516063690185547,
      -2.0556960234269835e-15,
      -12.98886775970459
    ],
    "q": [
      0.0,
      0.0,
      0.0,
      1.0
    ]
  },
  "xl_windup_wing_2_3": {
    "p": [
      1.566046118736267,
      -1.738660485115645e-15,
      -18.34381675720215
    ],
    "q": [
      0.0,
      0.0,
      0.0,
      1.0
    ]
  },
  "xl_windup_wing_2_4": {
    "p": [
      1.346547245979309,
      -1.4949677297620436e-15,
      -23.154518127441406
    ],
    "q": [
      0.0,
      0.0,
      0.0,
      1.0
    ]
  },
  "xl_windup_wing_3_1": {
    "p": [
      -1.0463603734970093,
      -1.8123494386672974,
      -7.1279473304748535
    ],
    "q": [
      0.0,
      0.0,
      0.0,
      1.0
    ]
  },
  "xl_windup_wing_3_2": {
    "p": [
      -0.9258031845092773,
      -1.6035380363464355,
      -12.98886775970459
    ],
    "q": [
      0.0,
      0.0,
      0.0,
      1.0
    ]
  },
  "xl_windup_wing_3_3": {
    "p": [
      -0.7830230593681335,
      -1.3562356233596802,
      -18.34381675720215
    ],
    "q": [
      0.0,
      0.0,
      0.0,
      1.0
    ]
  },
  "xl_windup_wing_3_4": {
    "p": [
      -0.6732736229896545,
      -1.1661440134048462,
      -23.154518127441406
    ],
    "q": [
      0.0,
      0.0,
      0.0,
      1.0
    ]
  }
}