{
  "0_Empty": {
    "p": [
      0.0,
      0.0,
      0.0
    ],
    "q": [
      0.0,
      0.0,
      0.0,
      1.0
    ],
    "tx": [
      1000000.0,
      0.0,
      0.0,
      0.0,
      0.0,
      1000000.0,
      0.0,
      0.0,
      0.0,
      0.0,
      1000000.0,
      0.0,
      0.0,
      0.0,
      0.0,
      1.0
    ]
  },
  "exhaust": {
    "p": [
      0.0,
      728.3016967773438,
      5260823.0
    ],
    "q": [
      0.0,
      0.0,
      0.0,
      1.0
    ],
    "tx": [
      1000000.0,
      0.0,
      0.0,
      0.0,
      0.0,
      1000000.0,
      0.0,
      0.0,
      0.0,
      0.0,
      1000000.0,
      0.0,
      0.0,
      728.3016967773438,
      5260823.0,
      1.0
    ]
  },
  "engine_medium_01": {
    "p": [
      -6891.25048828125,
      -291352.09375,
      2971200.75
    ],
    "q": [
      0.0,
      1.0,
      0.0,
      7.549790126404332e-08
    ],
    "tx": [
      -1000000.0,
      0.0,
      -0.15099580585956573,
      0.0,
      0.0,
      1000000.0,
      0.0,
      0.0,
      0.15099580585956573,
      0.0,
      -1000000.0,
      0.0,
      -6891.25048828125,
      -291352.09375,
      2971200.75,
      1.0
    ]
  },
  "engine_medium_02": {
    "p": [
      -3560.781494140625,
      303370.9375,
      2975459.0
    ],
    "q": [
      0.0,
      1.0,
      0.0,
      7.549790126404332e-08
    ],
    "tx": [
      -1000000.0,
      0.0,
      -0.15099580585956573,
      0.0,
      0.0,
      1000000.0,
      0.0,
      0.0,
      0.15099580585956573,
      0.0,
      -1000000.0,
      0.0,
      -3560.781494140625,
      303370.9375,
      2975459.0,
      1.0
    ]
  },
  "explosion_locator1": {
    "p": [
      1.7486460890392408e-10,
      1603014.5,
      532205.125
    ],
    "q": [
      0.0,
      0.0,
      0.0,
      1.0
    ],
    "tx": [
      1000000.0,
      0.0,
      0.0,
      0.0,
      0.0,
      1000000.0,
      0.0,
      0.0,
      0.0,
      0.0,
      1000000.0,
      0.0,
      1.7486460890392408e-10,
      1603014.5,
      532205.125,
      1.0
    ]
  },
  "explosion_locator2": {
    "p": [
      1847403.0,
      1998261.25,
      209396.59375
    ],
    "q": [
      0.0,
      0.0,
      0.0,
      1.0
    ],
    "tx": [
      1000000.0,
      0.0,
      0.0,
      0.0,
      0.0,
      1000000.0,
      0.0,
      0.0,
      0.0,
      0.0,
      1000000.0,
      0.0,
      1847403.0,
      1998261.25,
      209396.59375,
      1.0
    ]
  },
  "explosion_locator3": {
    "p": [
      -4.4845624436185005e-10,
      -2130759.75,
      3059010.5
    ],
    "q": [
      0.0,
      0.0,
      0.0,
      1.0
    ],
    "tx": [
      1000000.0,
      0.0,
      0.0,
      0.0,
      0.0,
      1000000.0,
      0.0,
      0.0,
      0.0,
      0.0,
      1000000.0,
      0.0,
      -4.4845624436185005e-10,
      -2130759.75,
      3059010.5,
      1.0
    ]
  },
  "explosion_locator4": {
    "p": [
      1580207.5,
      1891787.875,
      3515174.0
    ],
    "q": [
      0.0,
      0.0,
      0.0,
      1.0
    ],
    "tx": [
      1000000.0,
      0.0,
      0.0,
      0.0,
      0.0,
      1000000.0,
      0.0,
      0.0,
      0.0,
      0.0,
      1000000.0,
      0.0,
      1580207.5,
      1891787.875,
      3515174.0,
      1.0
    ]
  },
  "explosion_locator5": {
    "p": [
      -1039780.0,
      616386.0,
      3320464.5
    ],
    "q": [
      0.0,
      0.0,
      0.0,
      1.0
    ],
    "tx": [
      1000000.0,
      0.0,
      0.0,
      0.0,
      0.0,
      1000000.0,
      0.0,
      0.0,
      0.0,
      0.0,
      1000000.0,
      0.0,
      -1039780.0,
      616386.0,
      3320464.5,
      1.0
    ]
  },
  "large_gun_01": {
    "p": [
      692657.0625,
      641689.6875,
      -3203345.0
    ],
    "q": [
      0.0,
      0.0,
      0.0,
      1.0
    ],
    "tx": [
      1000000.0,
      0.0,
      0.0,
      0.0,
      0.0,
      1000000.0,
      0.0,
      0.0,
      0.0,
      0.0,
      1000000.0,
      0.0,
      692657.0625,
      641689.6875,
      -3203345.0,
      1.0
    ]
  },
  "large_gun_02": {
    "p": [
      674501.375,
      -636258.25,
      -3281176.0
    ],
    "q": [
      0.0,
      0.0,
      0.0,
      1.0
    ],
    "tx": [
      1000000.0,
      0.0,
      0.0,
      0.0,
      0.0,
      1000000.0,
      0.0,
      0.0,
      0.0,
      0.0,
      1000000.0,
      0.0,
      674501.375,
      -636258.25,
      -3281176.0,
      1.0
    ]
  },
  "large_gun_03": {
    "p": [
      -692061.8125,
      632988.5625,
      -3240604.0
    ],
    "q": [
      0.0,
      0.0,
      0.0,
      1.0
    ],
    "tx": [
      1000000.0,
      0.0,
      0.0,
      0.0,
      0.0,
      1000000.0,
      0.0,
      0.0,
      0.0,
      0.0,
      1000000.0,
      0.0,
      -692061.8125,
      632988.5625,
      -3240604.0,
      1.0
    ]
  },
  "large_gun_04": {
    "p": [
      -637594.6875,
      -624987.875,
      -3277282.75
    ],
    "q": [
      0.0,
      0.0,
      0.0,
      1.0
    ],
    "tx": [
      1000000.0,
      0.0,
      0.0,
      0.0,
      0.0,
      1000000.0,
      0.0,
      0.0,
      0.0,
      0.0,
      1000000.0,
      0.0,
      -637594.6875,
      -624987.875,
      -3277282.75,
      1.0
    ]
  },
  "medium_gun_01": {
    "p": [
      692657.0625,
      641689.6875,
      -3203345.0
    ],
    "q": [
      0.0,
      0.0,
      0.0,
      1.0
    ],
    "tx": [
      1000000.0,
      0.0,
      0.0,
      0.0,
      0.0,
      1000000.0,
      0.0,
      0.0,
      0.0,
      0.0,
      1000000.0,
      0.0,
      692657.0625,
      641689.6875,
      -3203345.0,
      1.0
    ]
  },
  "medium_gun_02": {
    "p": [
      674501.375,
      -636258.25,
      -3281176.0
    ],
    "q": [
      0.0,
      0.0,
      0.0,
      1.0
    ],
    "tx": [
      1000000.0,
      0.0,
      0.0,
      0.0,
      0.0,
      1000000.0,
      0.0,
      0.0,
      0.0,
      0.0,
      1000000.0,
      0.0,
      674501.375,
      -636258.25,
      -3281176.0,
      1.0
    ]
  },
  "medium_gun_03": {
    "p": [
      -692061.8125,
      632988.5625,
      -3240604.0
    ],
    "q": [
      0.0,
      0.0,
      0.0,
      1.0
    ],
    "tx": [
      1000000.0,
      0.0,
      0.0,
      0.0,
      0.0,
      1000000.0,
      0.0,
      0.0,
      0.0,
      0.0,
      1000000.0,
      0.0,
      -692061.8125,
      632988.5625,
      -3240604.0,
      1.0
    ]
  },
  "medium_gun_04": {
    "p": [
      -637594.6875,
      -624987.875,
      -3277282.75
    ],
    "q": [
      0.0,
      0.0,
      0.0,
      1.0
    ],
    "tx": [
      1000000.0,
      0.0,
      0.0,
      0.0,
      0.0,
      1000000.0,
      0.0,
      0.0,
      0.0,
      0.0,
      1000000.0,
      0.0,
      -637594.6875,
      -624987.875,
      -3277282.75,
      1.0
    ]
  },
  "part1_locator": {
    "p": [
      0.04470348358154297,
      998323.75,
      -4378177.5
    ],
    "q": [
      2.9802322387695312e-08,
      -1.0,
      2.9530129968917407e-14,
      7.549790126404332e-08
    ],
    "tx": [
      -1000000.0,
      -0.059604644775390625,
      0.15099580585956573,
      0.0,
      -0.059604644775390625,
      1000000.0,
      -5.456023899341744e-08,
      0.0,
      -0.15099580585956573,
      -6.35602859233586e-08,
      -1000000.0,
      0.0,
      0.04470348358154297,
      998323.75,
      -4378177.5,
      1.0
    ]
  },
  "part2_back_locator": {
    "p": [
      0.04470345750451088,
      730664.75,
      5294104.5
    ],
    "q": [
      2.9802322387695312e-08,
      -1.0,
      1.1084122799421637e-15,
      7.549790126404332e-08
    ],
    "tx": [
      -1000000.0,
      -0.059604644775390625,
      0.15099580585956573,
      0.0,
      -0.059604644775390625,
      1000000.0,
      2.2832007395834353e-09,
      0.0,
      -0.15099580585956573,
      -6.716850187160617e-09,
      -1000000.0,
      0.0,
      0.04470345750451088,
      730664.75,
      5294104.5,
      1.0
    ]
  },