{
  "explosion_locator_05": {
    "p": [
      -0.17007623612880707,
      2.165644645690918,
      10.151508331298828
    ],
    "q": [
      -0.9210270047187805,
      -0.3815018832683563,
      0.030048780143260956,
      -0.0725441724061966
    ],
    "pa": [
      "large_arm_4_2"
    ]
  },
  "light_locator_01": {
    "p": [
      0.056410688906908035,
      -0.5660093426704407,
      33.26435852050781
    ],
    "q": [
      0.23137672245502472,
      0.37048807740211487,
      -0.09583938121795654,
      -0.8944373726844788
    ],
    "pa": [
      "large_arm_4_2"
    ]
  },
  "light_locator_02": {
    "p": [
      0.056410688906908035,
      -0.5660093426704407,
      33.26435852050781
    ],
    "q": [
      0.23137672245502472,
      -0.37048807740211487,
      0.09583938121795654,
      -0.8944373726844788
    ],
    "pa": [
      "large_arm_3_2"
    ]
  },
  "light_locator_03": {
    "p": [
      0.05648619681596756,
      -0.5660459399223328,
      33.2642936706543
    ],
    "q": [
      0.09583938121795654,
      -0.8944373726844788,
      0.23137672245502472,
      -0.37048807740211487
    ],
    "pa": [
      "large_arm_2_2"
    ]
  },
  "explosion_locator_02": {
    "p": [
      -4.06135368347168,
      0.5805515646934509,
      3.8014063835144043
    ],
    "q": [
      -0.3804028630256653,
      0.918373703956604,
      0.10071292519569397,
      0.04171666130423546
    ],
    "pa": [
      "large_arm_2_1"
    ]
  },
  "explosion_locator_01": {
    "p": [
      -0.037254855036735535,
      1.9135123491287231,
      2.0180864334106445
    ],
    "q": [
      0.3815018832683563,
      0.9210270047187805,
      -0.0725441724061966,
      0.030048780143260956
    ],
    "pa": [
      "large_arm_1_2"
    ]
  },
  "light_locator_04": {
    "p": [
      0.05633518472313881,
      -0.5660459399223328,
      33.2642936706543
    ],
    "q": [
      0.09583938121795654,
      0.8944373726844788,
      -0.23137672245502472,
      -0.37048807740211487
    ],
    "pa": [
      "large_arm_1_2"
    ]
  },
  "planet_killer_gun_01": {
    "p": [
      -2.1726184993197215e-17,
      0.0,
      22.634061813354492
    ],
    "q": [
      0.0,
      1.0,
      -0.0,
      -6.123234262925839e-17
    ],
    "pa": [
      "ship_main"
    ]
  },
  "side_engine_01": {
    "p": [
      4.089889268454969e-15,
      11.340010643005371,
      -4.487819671630859
    ],
    "q": [
      0.0,
      0.0,
      -0.0,
      -1.0
    ],
    "pa": [
      "ship_main"
    ]
  },
  "side_engine_02": {
    "p": [
      11.285815238952637,
      0.0,
      -4.487819671630859
    ],
    "q": [
      0.0,
      0.0,
      0.7071067690849304,
      -0.7071067690849304
    ],
    "pa": [
      "ship_main"
    ]
  },
  "side_engine_03": {
    "p": [
      -11.28600025177002,
      0.0,
      -4.487819671630859
    ],
    "q": [
      0.0,
      0.0,
      -0.7071067690849304,
      -0.7071067690849304
    ],
    "pa": [
      "ship_main"
    ]
  },
  "side_engine_04": {
    "p": [
      4.089889268454969e-15,
      -11.34000015258789,
      -4.487819671630859
    ],
    "q": [
      0.0,
      0.0,
      -0.0,
      -1.0
    ],
    "pa": [
      "ship_main"
    ]
  },
  "large_engine_01": {
    "p": [
      2.350082959519926e-15,
      0.0,
      -19.189884185791016
    ],
    "q": [
      0.0,
      0.0,
      -0.0,
      -1.0
    ],
    "pa": [
      "ship_main"
    ]
  },
  "explosion_locator_03": {
    "p": [
      1.4960159063339233,
      7.07872200012207,
      18.956464767456055
    ],
    "q": [
      0.0,
      1.0,
      -0.0,
      -6.123234262925839e-17
    ],
    "pa": [
      "ship_main"
    ]
  },
  "explosion_locator_04": {
    "p": [
      9.129240036010742,
      -1.6562681198120117,
      -10.749141693115234
    ],
    "q": [
      0.0,
      1.0,
      -0.0,
      -6.123234262925839e-17
    ],
    "pa": [
      "ship_main"
    ]
  }
}