{
  "part1_locator": {
    "p": [
      0.0,
      0.0,
      -0.0
    ],
    "q": [
      0.0,
      1.0,
      -0.0,
      -6.123234262925839e-17
    ],
    "pa": [
      "part1"
    ]
  },
  "part2_locator": {
    "p": [
      0.0,
      -0.28823843598365784,
      0.09041101485490799
    ],
    "q": [
      0.1882978081703186,
      0.0,
      -0.0,
      -0.9821119904518127
    ],
    "pa": [
      "part2"
    ]
  },
  "part2_local_explosion_locator": {
    "p": [
      -1.086455225944519,
      1.5204758644104004,
      3.6642909049987793
    ],
    "q": [
      -0.6400078535079956,
      -0.35821807384490967,
      -0.06650344282388687,
      -0.676496148109436
    ],
    "pa": [
      "part2"
    ]
  },
  "part2_local_explosion_locator1": {
    "p": [
      -0.20323991775512695,
      1.641586184501648,
      1.7941079139709473
    ],
    "q": [
      -0.6231566667556763,
      0.0019121206132695079,
      -0.17313948273658752,
      -0.7626892328262329
    ],
    "pa": [
      "part2"
    ]
  },
  "part2_local_explosion_locator2": {
    "p": [
      1.035873532295227,
      1.4072301387786865,
      3.055955171585083
    ],
    "q": [
      -0.4456004798412323,
      0.4208492934703827,
      0.017965180799365044,
      -0.7899388074874878
    ],
    "pa": [
      "part2"
    ]
  },
  "part2_local_explosion_locator3": {
    "p": [
      1.3563051223754883,
      -0.4060560166835785,
      2.978774309158325
    ],
    "q": [
      -0.35056883096694946,
      0.8038923740386963,
      0.2756520211696625,
      -0.39354097843170166
    ],
    "pa": [
      "part2"
    ]
  },
  "part2_local_explosion_locator4": {
    "p": [
      -1.474379539489746,
      0.16121023893356323,
      3.0323779582977295
    ],
    "q": [
      -0.7552133202552795,
      0.032403163611888885,
      -0.6510153412818909,
      0.06915131956338882
    ],
    "pa": [
      "part2"
    ]
  },
  "part2_local_explosion_locator5": {
    "p": [
      -1.2826007604599,
      0.002107226522639394,
      4.509771347045898
    ],
    "q": [
      -0.8169984221458435,
      0.030237382277846336,
      -0.5548222064971924,
      0.15418055653572083
    ],
    "pa": [
      "part2"
    ]
  },
  "part2_local_explosion_locator6": {
    "p": [
      -0.87469482421875,
      1.0662168264389038,
      -0.06005493551492691
    ],
    "q": [
      -0.457113653421402,
      0.5516895651817322,
      -0.5820639729499817,
      -0.3845611810684204
    ],
    "pa": [
      "part2"
    ]
  },
  "part2_explosion_locator": {
    "p": [
      -0.08362229913473129,
      -31.684663772583008,
      -24.091753005981445
    ],
    "q": [
      0.0,
      0.0,
      -0.0,
      -1.0
    ]
  },
  "target_locator_1": {
    "p": [
      0.0,
      0.0,
      -8.766064643859863
    ],
    "q": [
      0.0,
      0.0,
      -0.0,
      -1.0
    ]
  },
  "target_locator_2": {
    "p": [
      0.0,
      0.0,
      -4.211238861083984
    ],
    "q": [
      0.0,
      0.0,
      -0.0,
      -1.0
    ]
  },
  "target_locator_3": {
    "p": [
      0.0,
      0.0,
      3.435436964035034
    ],
    "q": [
      0.0,
      0.0,
      -0.0,
      -1.0
    ]
  },
  "target_locator_0": {
    "p": [
      0.0,
      0.0,
      7.40913200378418
    ],
    "q": [
      0.0,
      0.0,
      -0.0,
      -1.0
    ]
  }
}