{
  "large_gun_01": {
    "p": [
      -0.2160630226135254,
      1.0842255353927612,
      -5.103842735290527
    ],
    "q": [
      0.0,
      0.0,
      -0.0,
      -1.0
    ]
  }
}