{
  "engine_medium_01": {
    "p": [
      3963.802001953125,
      -19662.484375,
      19927824.0
    ],
    "q": [
      -1.0,
      -5.293955920339377e-23,
      -2.220446049250313e-16,
      2.821299744937278e-07
    ],
    "tx": [
      9998999552.0,
      -1.9409818262199063e-13,
      4.44044781033881e-06,
      0.0,
      2.311468724758292e-12,
      -9998999552.0,
      -5642.03515625,
      0.0,
      4.44044781033881e-06,
      5642.03515625,
      -9998999552.0,
      0.0,
      3963.802001953125,
      -19662.484375,
      19927824.0,
      1.0
    ]
  },
  "exhaust": {
    "p": [
      3963.802001953125,
      103886.1796875,
      25048034.0
    ],
    "q": [
      0.0,
      0.0,
      0.0,
      1.0
    ],
    "tx": [
      9998999552.0,
      0.0,
      0.0,
      0.0,
      0.0,
      9998999552.0,
      0.0,
      0.0,
      0.0,
      0.0,
      9998999552.0,
      0.0,
      3963.802001953125,
      103886.1796875,
      25048034.0,
      1.0
    ]
  },
  "explosion_locator1": {
    "p": [
      1354939.125,
      244501.8125,
      -4820724.0
    ],
    "q": [
      0.0,
      0.0,
      0.0,
      1.0
    ],
    "tx": [
      9998999552.0,
      0.0,
      0.0,
      0.0,
      0.0,
      9998999552.0,
      0.0,
      0.0,
      0.0,
      0.0,
      9998999552.0,
      0.0,
      1354939.125,
      244501.8125,
      -4820724.0,
      1.0
    ]
  },
  "explosion_locator2": {
    "p": [
      434654.34375,
      2357491.0,
      9863750.0
    ],
    "q": [
      0.0,
      0.0,
      0.0,
      1.0
    ],
    "tx": [
      9998999552.0,
      0.0,
      0.0,
      0.0,
      0.0,
      9998999552.0,
      0.0,
      0.0,
      0.0,
      0.0,
      9998999552.0,
      0.0,
      434654.34375,
      2357491.0,
      9863750.0,
      1.0
    ]
  },
  "explosion_locator3": {
    "p": [
      3963.802001953125,
      -2810388.0,
      10874695.0
    ],
    "q": [
      0.0,
      0.0,
      0.0,
      1.0
    ],
    "tx": [
      9998999552.0,
      0.0,
      0.0,
      0.0,
      0.0,
      9998999552.0,
      0.0,
      0.0,
      0.0,
      0.0,
      9998999552.0,
      0.0,
      3963.802001953125,
      -2810388.0,
      10874695.0,
      1.0
    ]
  },
  "explosion_locator4": {
    "p": [
      3963.802001953125,
      1534957.375,
      15473309.0
    ],
    "q": [
      0.0,
      0.0,
      0.0,
      1.0
    ],
    "tx": [
      9998999552.0,
      0.0,
      0.0,
      0.0,
      0.0,
      9998999552.0,
      0.0,
      0.0,
      0.0,
      0.0,
      9998999552.0,
      0.0,
      3963.802001953125,
      1534957.375,
      15473309.0,
      1.0
    ]
  },
  "explosion_locator5": {
    "p": [
      -2276111.0,
      484830.25,
      8268805.5
    ],
    "q": [
      0.0,
      0.0,
      0.0,
      1.0
    ],
    "tx": [
      9998999552.0,
      0.0,
      0.0,
      0.0,
      0.0,
      9998999552.0,
      0.0,
      0.0,
      0.0,
      0.0,
      9998999552.0,
      0.0,
      -2276111.0,
      484830.25,
      8268805.5,
      1.0
    ]
  },
  "large_gun_01": {
    "p": [
      592819.8125,
      517767.71875,
      -7799507.5
    ],
    "q": [
      0.0,
      0.0,
      0.0,
      1.0
    ],
    "tx": [
      9998999552.0,
      0.0,
      0.0,
      0.0,
      0.0,
      9998999552.0,
      0.0,
      0.0,
      0.0,
      0.0,
      9998999552.0,
      0.0,
      592819.8125,
      517767.71875,
      -7799507.5,
      1.0
    ]
  },
  "large_gun_02": {
    "p": [
      413168.8125,
      -878576.25,
      -7799507.5
    ],
    "q": [
      0.0,
      0.0,
      0.0,
      1.0
    ],
    "tx": [
      9998999552.0,
      0.0,
      0.0,
      0.0,
      0.0,
      9998999552.0,
      0.0,
      0.0,
      0.0,
      0.0,
      9998999552.0,
      0.0,
      413168.8125,
      -878576.25,
      -7799507.5,
      1.0
    ]
  },
  "large_gun_03": {
    "p": [
      -554950.375,
      535014.375,
      -7799507.5
    ],
    "q": [
      0.0,
      0.0,
      0.0,
      1.0
    ],
    "tx": [
      9998999552.0,
      0.0,
      0.0,
      0.0,
      0.0,
      9998999552.0,
      0.0,
      0.0,
      0.0,
      0.0,
      9998999552.0,
      0.0,
      -554950.375,
      535014.375,
      -7799507.5,
      1.0
    ]
  },
  "large_gun_04": {
    "p": [
      -594872.8125,
      -861329.6875,
      -7799507.5
    ],
    "q": [
      0.0,
      0.0,
      0.0,
      1.0
    ],
    "tx": [
      9998999552.0,
      0.0,
      0.0,
      0.0,
      0.0,
      9998999552.0,
      0.0,
      0.0,
      0.0,
      0.0,
      9998999552.0,
      0.0,
      -594872.8125,
      -861329.6875,
      -7799507.5,
      1.0
    ]
  },
  "medium_gun_01": {
    "p": [
      592819.8125,
      -421205.8125,
      -7810625.5
    ],
    "q": [
      0.0,
      0.0,
      0.0,
      1.0
    ],
    "tx": [
      9998999552.0,
      0.0,
      0.0,
      0.0,
      0.0,
      9998999552.0,
      0.0,
      0.0,
      0.0,
      0.0,
      9998999552.0,
      0.0,
      592819.8125,
      -421205.8125,
      -7810625.5,
      1.0
    ]
  },
  "medium_gun_02": {
    "p": [
      492600.96875,
      144258.625,
      -7869873.5
    ],
    "q": [
      0.0,
      0.0,
      0.0,
      1.0
    ],
    "tx": [
      9998999552.0,
      0.0,
      0.0,
      0.0,
      0.0,
      9998999552.0,
      0.0,
      0.0,
      0.0,
      0.0,
      9998999552.0,
      0.0,
      492600.96875,
      144258.625,
      -7869873.5,
      1.0
    ]
  },
  "medium_gun_03": {
    "p": [
      -554950.375,
      -403959.40625,
      -7810625.5
    ],
    "q": [
      0.0,
      0.0,
      0.0,
      1.0
    ],
    "tx": [
      9998999552.0,
      0.0,
      0.0,
      0.0,
      0.0,
      9998999552.0,
      0.0,
      0.0,
      0.0,
      0.0,
      9998999552.0,
      0.0,
      -554950.375,
      -403959.40625,
      -7810625.5,
      1.0
    ]
  },
  "medium_gun_04": {
    "p": [
      -515440.6875,
      161505.09375,
      -7869873.5
    ],
    "q": [
      0.0,
      0.0,
      0.0,
      1.0
    ],
    "tx": [
      9998999552.0,
      0.0,
      0.0,
      0.0,
      0.0,
      9998999552.0,
      0.0,
      0.0,
      0.0,
      0.0,
      9998999552.0,
      0.0,
      -515440.6875,
      161505.09375,
      -7869873.5,
      1.0
    ]
  },
  "part1_locator": {
    "p": [
      3963.854248046875,
      114119.546875,
      6759514.0
    ],
    "q": [
      2.9802322387695312e-08,
      -1.0,
      2.953012319265383e-14,
      7.549790836947068e-08
    ],
    "tx": [
      -9998999552.0,
      -595.98681640625,
      1509.80712890625,
      0.0,
      -595.98681640625,
      9998999552.0,
      -0.0005455476348288357,
      0.0,
      -1509.80712890625,
      -0.0006355391815304756,
      -9998999552.0,
      0.0,
      3963.854248046875,
      114119.546875,
      6759514.0,
      1.0
    ]
  },
  "part2_back_locator": {
    "p": [
      3963.854248046875,
      1678006.875,
      15377352.0
    ],
    "q": [
      2.9802322387695312e-08,
      -1.0,
      1.1084122799421637e-15,
      7.549790836947068e-08
    ],
    "tx": [
      -9998999552.0,
      -595.98681640625,
      1509.80712890625,
      0.0,
      -595.98681640625,
      9998999552.0,
      2.2829724912298843e-05,
      0.0,
      -1509.80712890625,
      -6.716178177157417e-05,
      -9998999552.0,
      0.0,
      3963.854248046875,
      1678006.875,
      15377352.0,
      1.0
    ]
  },
  "part2_front_locator": {
    "p": [
      3963.854248046875,
      3200817.0,
      1442843.375
    ],
    "q": [
      -3.358425073007572e-15,
      -6.862522237009228e-16,
      2.9802322387695312e-08,
      1.0
    ],
    "tx": [
      9998999552.0,
      595.98681640625,
      1.3723669326282106e-05,
      0.0,
      -595.98681640625,
      9998999552.0,
      -6.716178177157417e-05,
      0.0,
      -1.3723673873755615e-05,
      6.716178177157417e-05,
      9998999552.0,
      0.0,
      3963.854248046875,
      3200817.0,
      1442843.375,
      1.0
    ]
  },