{
  "light_locator_01": {
    "p": [
      1.5309007167816162,
      -0.36890292167663574,
      -14.151399612426758
    ],
    "q": [
      0.0,
      0.0,
      -0.0,
      -1.0
    ]
  },
  "light_locator_02": {
    "p": [
      1.5309007167816162,
      -0.36890292167663574,
      -13.08597469329834
    ],
    "q": [
      0.0,
      0.0,
      -0.0,
      -1.0
    ]
  },
  "light_locator_03": {
    "p": [
      1.5309007167816162,
      -0.36890292167663574,
      -12.072837829589844
    ],
    "q": [
      0.0,
      0.0,
      -0.0,
      -1.0
    ]
  },
  "light_locator_04": {
    "p": [
      1.5309007167816162,
      -0.36890292167663574,
      -11.023898124694824
    ],
    "q": [
      0.0,
      0.0,
      -0.0,
      -1.0
    ]
  },
  "light_locator_05": {
    "p": [
      -1.523445963859558,
      -0.36890292167663574,
      -14.151399612426758
    ],
    "q": [
      0.0,
      0.0,
      -0.0,
      -1.0
    ]
  },
  "light_locator_06": {
    "p": [
      -1.523445963859558,
      -0.36890292167663574,
      -13.08597469329834
    ],
    "q": [
      0.0,
      0.0,
      -0.0,
      -1.0
    ]
  },
  "light_locator_07": {
    "p": [
      -1.523445963859558,
      -0.36890292167663574,
      -12.072837829589844
    ],
    "q": [
      0.0,
      0.0,
      -0.0,
      -1.0
    ]
  },
  "light_locator_08": {
    "p": [
      -1.523445963859558,
      -0.36890292167663574,
      -11.023898124694824
    ],
    "q": [
      0.0,
      0.0,
      -0.0,
      -1.0
    ]
  },
  "strike_craft_locator_01": {
    "p": [
      0.0,
      0.0,
      -7.3768229484558105
    ],
    "q": [
      0.0,
      0.0,
      -0.0,
      -1.0
    ]
  }
}