{
  "gun_3": {
    "p": [
      -12.328352928161621,
      -6.487484931945801,
      -1.104082703590393
    ],
    "q": [
      -0.0,
      -0.0,
      -1.0,
      4.371138828673793e-08
    ],
    "pa": [
      "left_wing"
    ]
  },
  "gun_5": {
    "p": [
      -11.970579147338867,
      -6.487484931945801,
      2.1896607875823975
    ],
    "q": [
      -0.0,
      -0.0,
      -1.0,
      4.371138828673793e-08
    ],
    "pa": [
      "left_wing"
    ]
  },
  "strike_craft_locator_02": {
    "p": [
      -27.0,
      -0.0019233226776123047,
      -7.858675003051758
    ],
    "q": [
      -0.0,
      -0.0,
      -1.0,
      4.371138828673793e-08
    ],
    "pa": [
      "left_wing"
    ]
  },
  "strike_craft_locator_06": {
    "p": [
      -45.0,
      0.2896531820297241,
      -4.665754318237305
    ],
    "q": [
      -0.0,
      -0.0,
      -1.0,
      4.371138828673793e-08
    ],
    "pa": [
      "left_wing"
    ]
  },
  "strike_craft_locator_04": {
    "p": [
      -31.0,
      -3.994844675064087,
      -2.493321418762207
    ],
    "q": [
      -0.0,
      -0.0,
      -1.0,
      4.371138828673793e-08
    ],
    "pa": [
      "left_wing"
    ]
  },
  "engine_medium_02": {
    "p": [
      -12.971602439880371,
      -1.303079605102539,
      9.702324867248535
    ],
    "q": [
      1.0,
      -2.2088307294580067e-23,
      5.053215392444312e-16,
      4.371138828673793e-08
    ],
    "pa": [
      "left_wing"
    ]
  },
  "engine_small_02": {
    "p": [
      -23.18238639831543,
      -1.303079605102539,
      8.179274559020996
    ],
    "q": [
      1.0,
      -2.2088307294580067e-23,
      5.053215392444312e-16,
      4.371138828673793e-08
    ],
    "pa": [
      "left_wing"
    ]
  },
  "light_locator_03": {
    "p": [
      -62.59892272949219,
      0.7018027305603027,
      0.8215476274490356
    ],
    "q": [
      -0.0,
      -0.0,
      -1.0,
      4.371138828673793e-08
    ],
    "pa": [
      "left_wing"
    ]
  },
  "light_locator_04": {
    "p": [
      -62.59892272949219,
      -3.6466643810272217,
      0.8215476274490356
    ],
    "q": [
      -0.0,
      -0.0,
      -1.0,
      4.371138828673793e-08
    ],
    "pa": [
      "left_wing"
    ]
  },
  "explosion_locator_010": {
    "p": [
      -51.482276916503906,
      -1.1620049476623535,
      -0.9754853248596191
    ],
    "q": [
      -0.6938451528549194,
      -4.409488749027867e-17,
      -4.2485753192344564e-17,
      0.7201242446899414
    ],
    "pa": [
      "left_wing"
    ]
  },
  "explosion_locator_09": {
    "p": [
      -40.404876708984375,
      -1.1620049476623535,
      4.12608003616333
    ],
    "q": [
      0.7362034320831299,
      -4.14396211803712e-17,
      4.507946402978829e-17,
      0.6767603158950806
    ],
    "pa": [
      "left_wing"
    ]
  },
  "explosion_locator_01": {
    "p": [
      -37.609710693359375,
      -4.683771133422852,
      -0.9351327419281006
    ],
    "q": [
      -0.9977273941040039,
      -4.125854059093538e-18,
      -6.109318438044737e-17,
      0.06738030910491943
    ],
    "pa": [
      "left_wing"
    ]
  },
  "explosion_locator_02": {
    "p": [
      -14.500774383544922,
      -4.519092559814453,
      7.727659225463867
    ],
    "q": [
      0.9990502595901489,
      -2.6682096185423934e-18,
      6.117420175836327e-17,
      0.04357515648007393
    ],
    "pa": [
      "left_wing"
    ]
  },
  "gun_4": {
    "p": [
      11.970579147338867,
      -6.487484931945801,
      2.1896607875823975
    ],
    "q": [
      -0.0,
      -0.0,
      -1.0,
      4.371138828673793e-08
    ],
    "pa": [
      "right_wing"
    ]
  },
  "gun_2": {
    "p": [
      12.328352928161621,
      -6.487484931945801,
      -1.104082703590393
    ],
    "q": [
      -0.0,
      -0.0,
      -1.0,
      4.371138828673793e-08
    ],
    "pa": [
      "right_wing"
    ]
  },
  "strike_craft_locator_01": {
    "p": [
      27.0,
      -0.0019233226776123047,
      -7.858675003051758
    ],
    "q": [
      -0.0,
      -0.0,
      -1.0,
      4.371138828673793e-08
    ],
    "pa": [
      "right_wing"
    ]
  },
  "strike_craft_locator_03": {
    "p": [
      31.0,
      -3.994844913482666,
      -2.493321418762207
    ],
    "q": [
      -0.0,
      -0.0,
      -1.0,
      4.371138828673793e-08
    ],
    "pa": [
      "right_wing"
    ]
  },
  "strike_craft_locator_05": {
    "p": [
      45.0,
      0.28965306282043457,
      -4.665754318237305
    ],
    "q": [
      -0.0,
      -0.0,
      -1.0,
      4.371138828673793e-08
    ],
    "pa": [
      "right_wing"
    ]
  },
  "engine_medium_01": {
    "p": [
      12.971602439880371,
      -1.303079605102539,
      9.702324867248535
    ],
    "q": [
      1.0,
      -2.2088307294580067e-23,
      5.053215392444312e-16,
      4.371138828673793e-08
    ],
    "pa": [
      "right_wing"
    ]
  },
  "engine_small_01": {
    "p": [
      23.18238639831543,
      -1.303079605102539,
      8.179274559020996
    ],
    "q": [
      1.0,
      -2.2088307294580067e-23,
      5.053215392444312e-16,
      4.371138828673793e-08
    ],
    "pa": [
      "right_wing"
    ]
  },
  "light_locator_05": {
    "p": [
      62.59892272949219,
      0.7018027305603027,
      0.8215476274490356
    ],
    "q": [
      -0.0,
      -0.0,
      -1.0,
      4.371138828673793e-08
    ],
    "pa": [
      "right_wing"
    ]
  },
  "light_locator_06": {
    "p": [
      62.59892272949219,
      -3.646664619445801,
      0.8215476274490356
    ],
    "q": [
      -0.0,
      -0.0,
      -1.0,
      4.371138828673793e-08
    ],
    "pa": [
      "right_wing"
    ]
  },
  "explosion_locator_05": {
    "p": [
      31.878023147583008,
      -5.637386798858643,
      1.0337021350860596
    ],
    "q": [
      1.0,
      -2.676550817227659e-24,
      6.123234262925839e-17,
      4.371138828673793e-08
    ],
    "pa": [
      "right_wing"
    ]
  },
  "explosion_locator_06": {
    "p": [
      42.66480255126953,
      -0.6718252897262573,
      4.856082916259766
    ],
    "q": [
      0.7192562818527222,
      -4.25408632734753e-17,
      4.4041746099005813e-17,
      0.694744884967804
    ],
    "pa": [
      "right_wing"
    ]
  },
  "explosion_locator_07": {
    "p": [
      23.875534057617188,
      -1.7499346733093262,
      -3.346797227859497
    ],
    "q": [
      -0.7461878061294556,
      -4.0764549156299324e-17,
      -4.569082329435888e-17,
      0.6657354831695557
    ],
    "pa": [
      "right_wing"
    ]
  },
  "gun_1": {
    "p": [
      0.0,
      -8.064125061035156,
      -11.7167329788208
    ],
    "q": [
      -0.0,
      -0.0,
      -1.0,
      4.371138828673793e-08
    ],
    "pa": [
      "root"
    ]
  },
  "xl_gun_01": {
    "p": [
      0.0,
      -8.909034729003906,
      -1.6441277265548706
    ],
    "q": [
      -0.0,
      -0.0,
      -1.0,
      4.371138828673793e-08
    ],
    "pa": [
      "root"
    ]
  },
  "xl_gun_02": {
    "p": [
      0.0,
      -10.089547157287598,
      5.124510288238525
    ],
    "q": [
      -0.0,
      -0.0,
      -1.0,
      4.371138828673793e-08
    ],
    "pa": [
      "root"
    ]
  },
  "engine_large_01": {
    "p": [
      -1.1920928955078125e-07,
      -1.3030800819396973,
      12.87105941772461
    ],
    "q": [
      1.0,
      -2.2088307294580067e-23,
      5.053215392444312e-16,
      4.371138828673793e-08
    ],
    "pa": [
      "root"
    ]
  },
  "light_locator_01": {
    "p": [
      -4.376770496368408,
      2.663172960281372,
      -18.020517349243164
    ],
    "q": [
      -0.0,
      -0.0,
      -1.0,
      4.371138828673793e-08
    ],
    "pa": [
      "root"
    ]
  },
  "light_locator_02": {
    "p": [
      4.376770496368408,
      2.663172960281372,
      -18.020517349243164
    ],
    "q": [
      -0.0,
      -0.0,
      -1.0,
      4.371138828673793e-08
    ],
    "pa": [
      "root"
    ]
  },
  "big_explosion_locator": {
    "p": [
      11.282320022583008,
      0.5330275893211365,
      0.0
    ],