{
  "part1": {
    "p": [
      0.0,
      0.0,
      -0.0
    ],
    "q": [
      0.0,
      0.0,
      -0.0,
      -1.0
    ]
  },
  "part2": {
    "p": [
      -5.759040832519531,
      6.863363742828369,
      -0.0
    ],
    "q": [
      0.0,
      -0.7071067690849304,
      -0.0,
      -0.7071067690849304
    ]
  },
  "part3": {
    "p": [
      5.759040832519531,
      6.863363742828369,
      -0.0
    ],
    "q": [
      0.0,
      -0.7071067690849304,
      -0.0,
      0.7071067690849304
    ]
  },
  "part4": {
    "p": [
      2.8795204162597656,
      6.863363742828369,
      -4.987476348876953
    ],
    "q": [
      0.0,
      -0.258819043636322,
      -0.0,
      0.9659258127212524
    ]
  },
  "part5": {
    "p": [
      -2.8795204162597656,
      6.863363742828369,
      4.9874725341796875
    ],
    "q": [
      0.0,
      0.9659258127212524,
      -0.0,
      0.258819043636322
    ]
  },
  "part6": {
    "p": [
      -2.8795204162597656,
      6.863363742828369,
      -4.987476348876953
    ],
    "q": [
      0.0,
      0.258819043636322,
      -0.0,
      0.9659258127212524
    ]
  },
  "part7": {
    "p": [
      2.8795204162597656,
      6.863363742828369,
      4.9874725341796875
    ],
    "q": [
      0.0,
      -0.9659258127212524,
      -0.0,
      0.258819043636322
    ]
  }
}