{
  "large_gun_01": {
    "p": [
      0.2698095440864563,
      0.6426326036453247,
      -4.027298927307129
    ],
    "q": [
      0.0,
      0.0,
      0.0,
      1.0
    ]
  },
  "large_gun_02": {
    "p": [
      0.2698095440864563,
      -0.5181127190589905,
      -4.027298927307129
    ],
    "q": [
      0.0,
      0.0,
      0.0,
      1.0
    ]
  },
  "large_gun_03": {
    "p": [
      -0.20920893549919128,
      0.6573886871337891,
      -4.027298927307129
    ],
    "q": [
      0.0,
      0.0,
      0.0,
      1.0
    ]
  },
  "large_gun_04": {
    "p": [
      -0.20920893549919128,
      -0.5033566355705261,
      -4.027298927307129
    ],
    "q": [
      0.0,
      0.0,
      0.0,
      1.0
    ]
  },
  "medium_gun_01": {
    "p": [
      0.2698095440864563,
      0.6426326036453247,
      -4.027298927307129
    ],
    "q": [
      0.0,
      0.0,
      0.0,
      1.0
    ]
  },
  "medium_gun_02": {
    "p": [
      0.2698095440864563,
      -0.5181127190589905,
      -4.027298927307129
    ],
    "q": [
      0.0,
      0.0,
      0.0,
      1.0
    ]
  },
  "medium_gun_03": {
    "p": [
      -0.20920893549919128,
      0.6573886871337891,
      -4.027298927307129
    ],
    "q": [
      0.0,
      0.0,
      0.0,
      1.0
    ]
  },
  "medium_gun_04": {
    "p": [
      -0.20920893549919128,
      -0.5033566355705261,
      -4.027298927307129
    ],
    "q": [
      0.0,
      0.0,
      0.0,
      1.0
    ]
  },
  "small_gun_01": {
    "p": [
      0.2698095440864563,
      0.6426326036453247,
      -4.027298927307129
    ],
    "q": [
      0.0,
      0.0,
      0.0,
      1.0
    ]
  },
  "small_gun_02": {
    "p": [
      0.2698095440864563,
      -0.5181127190589905,
      -4.027298927307129
    ],
    "q": [
      0.0,
      0.0,
      0.0,
      1.0
    ]
  },
  "small_gun_03": {
    "p": [
      -0.20920893549919128,
      0.6573886871337891,
      -4.027298927307129
    ],
    "q": [
      0.0,
      0.0,
      0.0,
      1.0
    ]
  },
  "small_gun_04": {
    "p": [
      -0.20920893549919128,
      -0.5033566355705261,
      -4.027298927307129
    ],
    "q": [
      0.0,
      0.0,
      0.0,
      1.0
    ]
  },
  "strike_craft_locator_01": {
    "p": [
      1.0672224760055542,
      -1.5268449783325195,
      -0.9730949401855469
    ],
    "q": [
      0.0,
      0.0,
      0.0,
      1.0
    ]
  },
  "strike_craft_locator_02": {
    "p": [
      -1.1058156490325928,
      -1.5268449783325195,
      -0.9730949401855469
    ],
    "q": [
      0.0,
      0.0,
      0.0,
      1.0
    ]
  },
  "xl_gun_01": {
    "p": [
      0.2698095440864563,
      0.6426326036453247,
      -4.027298927307129
    ],
    "q": [
      0.0,
      0.0,
      0.0,
      1.0
    ]
  },
  "xl_gun_02": {
    "p": [
      0.2698095440864563,
      -0.5181127190589905,
      -4.027298927307129
    ],
    "q": [
      0.0,
      0.0,
      0.0,
      1.0
    ]
  },
  "xl_gun_03": {
    "p": [
      -0.20920893549919128,
      0.6573886871337891,
      -4.027298927307129
    ],
    "q": [
      0.0,
      0.0,
      0.0,
      1.0
    ]
  },
  "xl_gun_04": {
    "p": [
      -0.20920893549919128,
      -0.5033566355705261,
      -4.027298927307129
    ],
    "q": [
      0.0,
      0.0,
      0.0,
      1.0
    ]
  },
  "explosion_locator1": {
    "p": [
      -1.3662095069885254,
      -0.3095720112323761,
      1.146409034729004
    ],
    "q": [
      -3.358425073007572e-15,
      -6.86252276640482e-16,
      2.9802322387695312e-08,
      1.0
    ]
  },
  "explosion_locator2": {
    "p": [
      0.7601826190948486,
      -0.3095710575580597,
      -6.096713066101074
    ],
    "q": [
      -3.358425073007572e-15,
      -6.86252276640482e-16,
      2.9802322387695312e-08,
      1.0
    ]
  },
  "explosion_locator3": {
    "p": [
      0.5869742035865784,
      2.677915334701538,
      3.317596912384033
    ],
    "q": [
      -3.1780140856158684e-14,
      -6.862537589481397e-16,
      2.9802322387695312e-08,
      1.0
    ]
  },
  "explosion_locator4": {
    "p": [
      -2.6753950119018555,
      0.28588607907295227,
      8.117059707641602
    ],
    "q": [
      -3.1780140856158684e-14,
      -6.862537589481397e-16,
      2.9802322387695312e-08,
      1.0
    ]
  },
  "explosion_locator5": {
    "p": [
      -0.8712002038955688,
      -0.8957540392875671,
      8.158496856689453
    ],
    "q": [
      -3.1780140856158684e-14,
      -6.862537589481397e-16,
      2.9802322387695312e-08,
      1.0
    ]
  },
  "part1_locator": {
    "p": [
      4.47035120032524e-08,
      -3.5977178267782017e-13,
      0.9162144660949707
    ],
    "q": [
      -2.9802322387695312e-08,
      1.0,
      -2.953012319265383e-14,
      -7.549790126404332e-08
    ]
  },
  "part2_back_locator": {
    "p": [
      4.470345871254722e-08,
      1.9569920364130924e-14,
      12.81357479095459
    ],
    "q": [
      -2.9802322387695312e-08,
      1.0,
      -1.1084122799421637e-15,
      -7.549790126404332e-08
    ]
  },
  "part2_front_locator": {
    "p": [
      4.470351555596608e-08,
      -2.116304195418344e-14,
      1.3482651710510254
    ],
    "q": [
      -3.358425073007572e-15,
      -6.86252276640482e-16,
      2.9802322387695312e-08,
      1.0
    ]
  },
  "part3_locator": {
    "p": [
      4.470345871254722e-08,
      3.326887105647297e-13,
      0.9162135124206543
    ],
    "q": [
      -3.1780140856158684e-14,
      -6.862537589481397e-16,
      2.9802322387695312e-08,
      1.0
    ]
  },
  "target_locator_1": {
    "p": [
      -9.860761315262648e-32,
      0.0,
      -4.224514484405518
    ],
    "q": [
      0.0,
      0.0,
      0.0,
      1.0
    ]
  },
  "target_locator_2": {
    "p": [
      -4.930380657631324e-32,
      0.0,
      2.863022565841675
    ],
    "q": [
      0.0,
      0.0,
      0.0,
      1.0
    ]
  },
  "target_locator_3": {
    "p": [
      9.860761315262648e-32,
      0.0,
      13.375029563903809
    ],
    "q": [
      0.0,
      0.0,
      0.0,
      1.0
    ]
  },
  "target_locator_4": {
    "p": [
      2.9582283945787943e-31,
      0.0,
      9.002287864685059
    ],
    "q": [
      0.0,
      0.0,
      0.0,
      1.0
    ]
  },
  "center": {
    "p": [
      0.0,
      0.0,
      1.1662139892578125
    ],
    "q": [
      0.0,
      0.0,
      0.0,
      1.0
    ]
  }
}