{
  "part1_locator": {
    "p": [
      3.116122400115273e-07,
      -0.30741897225379944,
      -0.021918024867773056
    ],
    "q": [
      -4.24903703333257e-08,
      1.0,
      -3.243027591262604e-14,
      -6.08256556233755e-08
    ],
    "pa": [
      "part2"
    ]
  },
  "explosion_locator5": {
    "p": [
      -7.512255706387805e-08,
      2.1725518703460693,
      -9.48194694519043
    ],
    "q": [
      -3.317836524724567e-14,
      1.7114270889351246e-08,
      4.24903703333257e-08,
      1.0
    ],
    "pa": [
      "part2"
    ]
  },
  "part2_back_locator": {
    "p": [
      9.977742365663289e-08,
      -5.960463766996327e-08,
      -0.006595575250685215
    ],
    "q": [
      -4.24903703333257e-08,
      1.0,
      -4.008560976507874e-15,
      -6.08256556233755e-08
    ],
    "pa": [
      "part1"
    ]
  },
  "part2_front_locator": {
    "p": [
      9.925103228169974e-08,
      -5.960463766996327e-08,
      -0.021974051371216774
    ],
    "q": [
      -4.756649040578084e-15,
      1.7114270889351246e-08,
      4.24903703333257e-08,
      1.0
    ],
    "pa": [
      "part1"
    ]
  },
  "explosion_locator1": {
    "p": [
      -3.561917543411255,
      -0.30957216024398804,
      1.266598985694145e-07
    ],
    "q": [
      -4.756649040578084e-15,
      1.7114270889351246e-08,
      4.24903703333257e-08,
      1.0
    ],
    "pa": [
      "part1"
    ]
  },
  "explosion_locator2": {
    "p": [
      4.431973457336426,
      -0.3095709979534149,
      4.926508903503418
    ],
    "q": [
      -4.756649040578084e-15,
      1.7114270889351246e-08,
      4.24903703333257e-08,
      1.0
    ],
    "pa": [
      "part1"
    ]
  },
  "part3_locator": {
    "p": [
      -8.852502020317843e-08,
      -5.960465898624534e-08,
      -5.5079240798950195
    ],
    "q": [
      -6.160007806578147e-14,
      1.7114270889351246e-08,
      4.24903703333257e-08,
      1.0
    ],
    "pa": [
      "part3"
    ]
  },
  "explosion_locator3": {
    "p": [
      0.5869743227958679,
      2.677915334701538,
      2.4013824462890625
    ],
    "q": [
      -6.160007806578147e-14,
      1.7114270889351246e-08,
      4.24903703333257e-08,
      1.0
    ],
    "pa": [
      "part3"
    ]
  },
  "explosion_locator4": {
    "p": [
      -4.389321804046631,
      0.28588587045669556,
      2.9764747619628906
    ],
    "q": [
      -6.160007806578147e-14,
      1.7114270889351246e-08,
      4.24903703333257e-08,
      1.0
    ],
    "pa": [
      "part3"
    ]
  },
  "target_locator_1": {
    "p": [
      -9.860761315262648e-32,
      0.0,
      -11.21909236907959
    ],
    "q": [
      0.0,
      0.0,
      0.0,
      1.0
    ]
  },
  "target_locator_2": {
    "p": [
      -4.930380657631324e-32,
      0.0,
      -4.692110061645508
    ],
    "q": [
      0.0,
      0.0,
      0.0,
      1.0
    ]
  },
  "target_locator_3": {
    "p": [
      9.860761315262648e-32,
      0.0,
      5.81989860534668
    ],
    "q": [
      0.0,
      0.0,
      0.0,
      1.0
    ]
  },
  "target_locator_4": {
    "p": [
      2.9582283945787943e-31,
      0.0,
      17.088991165161133
    ],
    "q": [
      0.0,
      0.0,
      0.0,
      1.0
    ]
  }
}