{
  "0_Empty": {
    "p": [
      0.0,
      0.0,
      0.0
    ],
    "q": [
      0.0,
      0.0,
      0.0,
      1.0
    ],
    "tx": [
      1000000.0,
      0.0,
      0.0,
      0.0,
      0.0,
      1000000.0,
      0.0,
      0.0,
      0.0,
      0.0,
      1000000.0,
      0.0,
      0.0,
      0.0,
      0.0,
      1.0
    ]
  },
  "explosion_locator1": {
    "p": [
      4.031403821880275e-10,
      2631077.0,
      -3285322.25
    ],
    "q": [
      0.0,
      0.0,
      0.0,
      1.0
    ],
    "tx": [
      1000000.0,
      0.0,
      0.0,
      0.0,
      0.0,
      1000000.0,
      0.0,
      0.0,
      0.0,
      0.0,
      1000000.0,
      0.0,
      4.031403821880275e-10,
      2631077.0,
      -3285322.25,
      1.0
    ]
  },
  "explosion_locator2": {
    "p": [
      1847403.0,
      3757748.5,
      20653026.0
    ],
    "q": [
      0.0,
      0.0,
      0.0,
      1.0
    ],
    "tx": [
      1000000.0,
      0.0,
      0.0,
      0.0,
      0.0,
      1000000.0,
      0.0,
      0.0,
      0.0,
      0.0,
      1000000.0,
      0.0,
      1847403.0,
      3757748.5,
      20653026.0,
      1.0
    ]
  },
  "explosion_locator3": {
    "p": [
      -1.0349160417533199e-09,
      -4771940.0,
      17938038.0
    ],
    "q": [
      0.0,
      0.0,
      0.0,
      1.0
    ],
    "tx": [
      1000000.0,
      0.0,
      0.0,
      0.0,
      0.0,
      1000000.0,
      0.0,
      0.0,
      0.0,
      0.0,
      1000000.0,
      0.0,
      -1.0349160417533199e-09,
      -4771940.0,
      17938038.0,
      1.0
    ]
  },
  "explosion_locator4": {
    "p": [
      1580207.5,
      2036396.5,
      24245342.0
    ],
    "q": [
      0.0,
      0.0,
      0.0,
      1.0
    ],
    "tx": [
      1000000.0,
      0.0,
      0.0,
      0.0,
      0.0,
      1000000.0,
      0.0,
      0.0,
      0.0,
      0.0,
      1000000.0,
      0.0,
      1580207.5,
      2036396.5,
      24245342.0,
      1.0
    ]
  },
  "explosion_locator5": {
    "p": [
      -4917033.0,
      1317910.25,
      17094156.0
    ],
    "q": [
      0.0,
      0.0,
      0.0,
      1.0
    ],
    "tx": [
      1000000.0,
      0.0,
      0.0,
      0.0,
      0.0,
      1000000.0,
      0.0,
      0.0,
      0.0,
      0.0,
      1000000.0,
      0.0,
      -4917033.0,
      1317910.25,
      17094156.0,
      1.0
    ]
  },
  "large_gun_01": {
    "p": [
      674086.5625,
      1010606.4375,
      -7238181.0
    ],
    "q": [
      0.0,
      0.0,
      0.0,
      1.0
    ],
    "tx": [
      1000000.0,
      0.0,
      0.0,
      0.0,
      0.0,
      1000000.0,
      0.0,
      0.0,
      0.0,
      0.0,
      1000000.0,
      0.0,
      674086.5625,
      1010606.4375,
      -7238181.0,
      1.0
    ]
  },
  "large_gun_02": {
    "p": [
      674086.5625,
      535259.625,
      -7238181.0
    ],
    "q": [
      0.0,
      0.0,
      0.0,
      1.0
    ],
    "tx": [
      1000000.0,
      0.0,
      0.0,
      0.0,
      0.0,
      1000000.0,
      0.0,
      0.0,
      0.0,
      0.0,
      1000000.0,
      0.0,
      674086.5625,
      535259.625,
      -7238181.0,
      1.0
    ]
  },
  "large_gun_03": {
    "p": [
      -678030.25,
      1022744.0625,
      -7236840.0
    ],
    "q": [
      0.0,
      0.0,
      0.0,
      1.0
    ],
    "tx": [
      1000000.0,
      0.0,
      0.0,
      0.0,
      0.0,
      1000000.0,
      0.0,
      0.0,
      0.0,
      0.0,
      1000000.0,
      0.0,
      -678030.25,
      1022744.0625,
      -7236840.0,
      1.0
    ]
  },
  "large_gun_04": {
    "p": [
      -678030.25,
      547397.25,
      -7236840.0
    ],
    "q": [
      0.0,
      0.0,
      0.0,
      1.0
    ],
    "tx": [
      1000000.0,
      0.0,
      0.0,
      0.0,
      0.0,
      1000000.0,
      0.0,
      0.0,
      0.0,
      0.0,
      1000000.0,
      0.0,
      -678030.25,
      547397.25,
      -7236840.0,
      1.0
    ]
  },
  "medium_gun_01": {
    "p": [
      674086.5625,
      1010606.4375,
      -7238181.0
    ],
    "q": [
      0.0,
      0.0,
      0.0,
      1.0
    ],
    "tx": [
      1000000.0,
      0.0,
      0.0,
      0.0,
      0.0,
      1000000.0,
      0.0,
      0.0,
      0.0,
      0.0,
      1000000.0,
      0.0,
      674086.5625,
      1010606.4375,
      -7238181.0,
      1.0
    ]
  },
  "medium_gun_02": {
    "p": [
      674086.5625,
      535259.625,
      -7238181.0
    ],
    "q": [
      0.0,
      0.0,
      0.0,
      1.0
    ],
    "tx": [
      1000000.0,
      0.0,
      0.0,
      0.0,
      0.0,
      1000000.0,
      0.0,
      0.0,
      0.0,
      0.0,
      1000000.0,
      0.0,
      674086.5625,
      535259.625,
      -7238181.0,
      1.0
    ]
  },
  "medium_gun_03": {
    "p": [
      -678030.25,
      1022744.0625,
      -7236840.0
    ],
    "q": [
      0.0,
      0.0,
      0.0,
      1.0
    ],
    "tx": [
      1000000.0,
      0.0,
      0.0,
      0.0,
      0.0,
      1000000.0,
      0.0,
      0.0,
      0.0,
      0.0,
      1000000.0,
      0.0,
      -678030.25,
      1022744.0625,
      -7236840.0,
      1.0
    ]
  },
  "medium_gun_04": {
    "p": [
      -678030.25,
      547397.25,
      -7236840.0
    ],
    "q": [
      0.0,
      0.0,
      0.0,
      1.0
    ],
    "tx": [
      1000000.0,
      0.0,
      0.0,
      0.0,
      0.0,
      1000000.0,
      0.0,
      0.0,
      0.0,
      0.0,
      1000000.0,
      0.0,
      -678030.25,
      547397.25,
      -7236840.0,
      1.0
    ]
  },
  "part1_locator": {
    "p": [
      0.04470348358154297,
      998323.75,
      5095040.5
    ],
    "q": [
      2.9802322387695312e-08,
      -1.0,
      2.9530129968917407e-14,
      7.549790126404332e-08
    ],
    "tx": [
      -1000000.0,
      -0.059604644775390625,
      0.15099580585956573,
      0.0,
      -0.059604644775390625,
      1000000.0,
      -5.456023899341744e-08,
      0.0,
      -0.15099580585956573,
      -6.35602859233586e-08,
      -1000000.0,
      0.0,
      0.04470348358154297,
      998323.75,
      5095040.5,
      1.0
    ]
  },
  "part2_back_locator": {
    "p": [
      0.04470345750451088,
      730664.75,
      14767323.0
    ],
    "q": [
      2.9802322387695312e-08,
      -1.0,
      1.1084122799421637e-15,
      7.549790126404332e-08
    ],
    "tx": [
      -1000000.0,
      -0.059604644775390625,
      0.15099580585956573,
      0.0,
      -0.059604644775390625,
      1000000.0,
      2.2832007395834353e-09,
      0.0,
      -0.15099580585956573,
      -6.716850187160617e-09,
      -1000000.0,
      0.0,
      0.04470345750451088,
      730664.75,
      14767323.0,
      1.0
    ]
  },
  "part2_front_locator": {
    "p": [
      0.04470348358154297,
      969588.8125,
      7506313.5
    ],
    "q": [
      -3.358425073007572e-15,
      -6.86252276640482e-16,
      2.9802322387695312e-08,
      1.0
    ],
    "tx": [
      1000000.0,
      0.059604644775390625,
      1.3725043324086528e-09,
      0.0,
      -0.059604644775390625,
      1000000.0,
      -6.716850187160617e-09,
      0.0,
      -1.3725047764978626e-09,
      6.716850187160617e-09,
      1000000.0,
      0.0,
      0.04470348358154297,
      969588.8125,
      7506313.5,
      1.0
    ]
  },
  "part3_locator": {
    "p": [
      0.04470345750451088,
      1147289.125,
      13394043.0
    ],
    "q": [
      -3.1780140856158684e-14,
      -6.862537589481397e-16,
      2.9802322387695312e-08,
      1.0
    ],
    "tx": [
      1000000.0,
      0.059604644775390625,
      1.3725056646762823e-09,
      0.0,
      -0.059604644775390625,
      1000000.0,
      -6.356027881793125e-08,
      0.0,
      -1.372509439434566e-09,
      6.356027881793125e-08,
      1000000.0,
      0.0,
      0.04470345750451088,
      1147289.125,
      13394043.0,
      1.0
    ]
  },
  "small_gun_01": {
    "p": [
      674086.5625,
      1010606.4375,
      -7238181.0
    ],
    "q": [
      0.0,
      0.0,
      0.0,
      1.0
    ],