{
  "part1": {
    "p": [
      0.0,
      0.0,
      -0.0
    ],
    "q": [
      0.0,
      0.0,
      -0.0,
      -1.0
    ]
  },
  "part2": {
    "p": [
      -2.384185791015625e-07,
      6.863363742828369,
      -5.759040832519531
    ],
    "q": [
      0.0,
      -3.2310891277391755e-15,
      -0.0,
      1.0
    ]
  },
  "part3": {
    "p": [
      9.5367431640625e-07,
      6.863363742828369,
      5.759038925170898
    ],
    "q": [
      0.0,
      -1.0,
      -0.0,
      3.713525848452045e-15
    ]
  },
  "part4": {
    "p": [
      22.34080696105957,
      6.71774959564209,
      1.9073486328125e-06
    ],
    "q": [
      0.0,
      0.7071067690849304,
      -0.0,
      -0.7071067690849304
    ]
  },
  "part5": {
    "p": [
      -22.34080696105957,
      6.71774959564209,
      -1.9073486328125e-06
    ],
    "q": [
      0.0,
      0.7071067690849304,
      -0.0,
      0.7071067690849304
    ]
  }
}