{
  "0_Empty": {
    "p": [
      0.0,
      0.0,
      0.0
    ],
    "q": [
      0.0,
      0.0,
      0.0,
      1.0
    ],
    "tx": [
      1000000.0,
      0.0,
      0.0,
      0.0,
      0.0,
      1000000.0,
      0.0,
      0.0,
      0.0,
      0.0,
      1000000.0,
      0.0,
      0.0,
      0.0,
      0.0,
      1.0
    ]
  },
  "exhaust": {
    "p": [
      0.0,
      -4239623.5,
      47918036.0
    ],
    "q": [
      0.0,
      0.0,
      0.0,
      1.0
    ],
    "tx": [
      1000000.0,
      0.0,
      0.0,
      0.0,
      0.0,
      1000000.0,
      0.0,
      0.0,
      0.0,
      0.0,
      1000000.0,
      0.0,
      0.0,
      -4239623.5,
      47918036.0,
      1.0
    ]
  },
  "engine_medium_01": {
    "p": [
      0.0,
      -4444376.5,
      42250664.0
    ],
    "q": [
      0.0,
      1.0,
      0.0,
      7.549790126404332e-08
    ],
    "tx": [
      -1000000.0,
      0.0,
      -0.15099580585956573,
      0.0,
      0.0,
      1000000.0,
      0.0,
      0.0,
      0.15099580585956573,
      0.0,
      -1000000.0,
      0.0,
      0.0,
      -4444376.5,
      42250664.0,
      1.0
    ]
  },
  "engine_medium_02": {
    "p": [
      -3210213.25,
      2548728.5,
      43235964.0
    ],
    "q": [
      0.0,
      1.0,
      0.0,
      7.549790126404332e-08
    ],
    "tx": [
      -1000000.0,
      0.0,
      -0.15099580585956573,
      0.0,
      0.0,
      1000000.0,
      0.0,
      0.0,
      0.15099580585956573,
      0.0,
      -1000000.0,
      0.0,
      -3210213.25,
      2548728.5,
      43235964.0,
      1.0
    ]
  },
  "engine_medium_03": {
    "p": [
      3277901.5,
      2601939.75,
      43235964.0
    ],
    "q": [
      0.0,
      1.0,
      0.0,
      7.549790126404332e-08
    ],
    "tx": [
      -1000000.0,
      0.0,
      -0.15099580585956573,
      0.0,
      0.0,
      1000000.0,
      0.0,
      0.0,
      0.15099580585956573,
      0.0,
      -1000000.0,
      0.0,
      3277901.5,
      2601939.75,
      43235964.0,
      1.0
    ]
  },
  "explosion_locator1": {
    "p": [
      4.031403821880275e-10,
      2631077.0,
      7155823.5
    ],
    "q": [
      0.0,
      0.0,
      0.0,
      1.0
    ],
    "tx": [
      1000000.0,
      0.0,
      0.0,
      0.0,
      0.0,
      1000000.0,
      0.0,
      0.0,
      0.0,
      0.0,
      1000000.0,
      0.0,
      4.031403821880275e-10,
      2631077.0,
      7155823.5,
      1.0
    ]
  },
  "explosion_locator2": {
    "p": [
      1847403.0,
      3757748.5,
      31094174.0
    ],
    "q": [
      0.0,
      0.0,
      0.0,
      1.0
    ],
    "tx": [
      1000000.0,
      0.0,
      0.0,
      0.0,
      0.0,
      1000000.0,
      0.0,
      0.0,
      0.0,
      0.0,
      1000000.0,
      0.0,
      1847403.0,
      3757748.5,
      31094174.0,
      1.0
    ]
  },
  "explosion_locator3": {
    "p": [
      -1.0349160417533199e-09,
      -4771940.0,
      28379182.0
    ],
    "q": [
      0.0,
      0.0,
      0.0,
      1.0
    ],
    "tx": [
      1000000.0,
      0.0,
      0.0,
      0.0,
      0.0,
      1000000.0,
      0.0,
      0.0,
      0.0,
      0.0,
      1000000.0,
      0.0,
      -1.0349160417533199e-09,
      -4771940.0,
      28379182.0,
      1.0
    ]
  },
  "explosion_locator4": {
    "p": [
      1580207.5,
      2036396.5,
      34686488.0
    ],
    "q": [
      0.0,
      0.0,
      0.0,
      1.0
    ],
    "tx": [
      1000000.0,
      0.0,
      0.0,
      0.0,
      0.0,
      1000000.0,
      0.0,
      0.0,
      0.0,
      0.0,
      1000000.0,
      0.0,
      1580207.5,
      2036396.5,
      34686488.0,
      1.0
    ]
  },
  "explosion_locator5": {
    "p": [
      -4917033.0,
      1317910.25,
      27535304.0
    ],
    "q": [
      0.0,
      0.0,
      0.0,
      1.0
    ],
    "tx": [
      1000000.0,
      0.0,
      0.0,
      0.0,
      0.0,
      1000000.0,
      0.0,
      0.0,
      0.0,
      0.0,
      1000000.0,
      0.0,
      -4917033.0,
      1317910.25,
      27535304.0,
      1.0
    ]
  },
  "large_gun_01": {
    "p": [
      916650.625,
      448678.84375,
      -6514515.0
    ],
    "q": [
      0.0,
      0.0,
      0.0,
      1.0
    ],
    "tx": [
      1000000.0,
      0.0,
      0.0,
      0.0,
      0.0,
      1000000.0,
      0.0,
      0.0,
      0.0,
      0.0,
      1000000.0,
      0.0,
      916650.625,
      448678.84375,
      -6514515.0,
      1.0
    ]
  },
  "large_gun_02": {
    "p": [
      916650.625,
      -388551.5,
      -6514515.0
    ],
    "q": [
      0.0,
      0.0,
      0.0,
      1.0
    ],
    "tx": [
      1000000.0,
      0.0,
      0.0,
      0.0,
      0.0,
      1000000.0,
      0.0,
      0.0,
      0.0,
      0.0,
      1000000.0,
      0.0,
      916650.625,
      -388551.5,
      -6514515.0,
      1.0
    ]
  },
  "large_gun_03": {
    "p": [
      -920594.3125,
      470057.0,
      -6513174.0
    ],
    "q": [
      0.0,
      0.0,
      0.0,
      1.0
    ],
    "tx": [
      1000000.0,
      0.0,
      0.0,
      0.0,
      0.0,
      1000000.0,
      0.0,
      0.0,
      0.0,
      0.0,
      1000000.0,
      0.0,
      -920594.3125,
      470057.0,
      -6513174.0,
      1.0
    ]
  },
  "large_gun_04": {
    "p": [
      -920594.3125,
      -367173.375,
      -6513174.0
    ],
    "q": [
      0.0,
      0.0,
      0.0,
      1.0
    ],
    "tx": [
      1000000.0,
      0.0,
      0.0,
      0.0,
      0.0,
      1000000.0,
      0.0,
      0.0,
      0.0,
      0.0,
      1000000.0,
      0.0,
      -920594.3125,
      -367173.375,
      -6513174.0,
      1.0
    ]
  },
  "medium_gun_01": {
    "p": [
      916650.625,
      448678.84375,
      -6514515.0
    ],
    "q": [
      0.0,
      0.0,
      0.0,
      1.0
    ],
    "tx": [
      1000000.0,
      0.0,
      0.0,
      0.0,
      0.0,
      1000000.0,
      0.0,
      0.0,
      0.0,
      0.0,
      1000000.0,
      0.0,
      916650.625,
      448678.84375,
      -6514515.0,
      1.0
    ]
  },
  "medium_gun_02": {
    "p": [
      916650.625,
      -388551.5,
      -6514515.0
    ],
    "q": [
      0.0,
      0.0,
      0.0,
      1.0
    ],
    "tx": [
      1000000.0,
      0.0,
      0.0,
      0.0,
      0.0,
      1000000.0,
      0.0,
      0.0,
      0.0,
      0.0,
      1000000.0,
      0.0,
      916650.625,
      -388551.5,
      -6514515.0,
      1.0
    ]
  },
  "medium_gun_03": {
    "p": [
      -920594.3125,
      470057.0,
      -6513174.0
    ],
    "q": [
      0.0,
      0.0,
      0.0,
      1.0
    ],
    "tx": [
      1000000.0,
      0.0,
      0.0,
      0.0,
      0.0,
      1000000.0,
      0.0,
      0.0,
      0.0,
      0.0,
      1000000.0,
      0.0,
      -920594.3125,
      470057.0,
      -6513174.0,
      1.0
    ]
  },
  "medium_gun_04": {
    "p": [
      -920594.3125,
      -367173.375,
      -6513174.0
    ],
    "q": [
      0.0,
      0.0,
      0.0,
      1.0
    ],
    "tx": [
      1000000.0,
      0.0,
      0.0,
      0.0,
      0.0,
      1000000.0,
      0.0,
      0.0,
      0.0,
      0.0,
      1000000.0,
      0.0,
      -920594.3125,
      -367173.375,
      -6513174.0,
      1.0
    ]
  },
  "part1_locator": {
    "p": [
      0.04470348358154297,
      998323.75,
      15536186.0
    ],
    "q": [
      2.9802322387695312e-08,
      -1.0,
      2.9530129968917407e-14,
      7.549790126404332e-08
    ],
    "tx": [
      -1000000.0,
      -0.059604644775390625,
      0.15099580585956573,
      0.0,
      -0.059604644775390625,
      1000000.0,
      -5.456023899341744e-08,
      0.0,
      -0.15099580585956573,
      -6.35602859233586e-08,
      -1000000.0,
      0.0,
      0.04470348358154297,
      998323.75,
      15536186.0,
      1.0
    ]
  },
  "part2_back_locator": {
    "p": [
      0.04470345750451088,
      730664.75,
      25208470.0
    ],
    "q": [
      2.9802322387695312e-08,
      -1.0,
      1.1084122799421637e-15,
      7.549790126404332e-08
    ],