{
  "right_light_locator_01": {
    "p": [
      -5.758270263671875,
      -0.039265088737010956,
      -1.5030021667480469
    ],
    "q": [
      0.0,
      0.0,
      0.0,
      1.0
    ]
  },
  "right_light_locator_02": {
    "p": [
      -5.884424686431885,
      -0.039265088737010956,
      -0.7768986225128174
    ],
    "q": [
      0.0,
      0.0,
      0.0,
      1.0
    ]
  },
  "right_light_locator_03": {
    "p": [
      -5.891626834869385,
      -0.039265088737010956,
      -0.014872563071548939
    ],
    "q": [
      0.0,
      0.0,
      0.0,
      1.0
    ]
  },
  "right_light_locator_04": {
    "p": [
      -5.886970520019531,
      -0.039265088737010956,
      0.6988359093666077
    ],
    "q": [
      0.0,
      0.0,
      0.0,
      1.0
    ]
  },
  "right_light_locator_05": {
    "p": [
      -5.87605094909668,
      -0.039265088737010956,
      1.3807251453399658
    ],
    "q": [
      0.0,
      0.0,
      0.0,
      1.0
    ]
  },
  "right_light_locator_06": {
    "p": [
      -5.813009262084961,
      -0.039265088737010956,
      2.3213891983032227
    ],
    "q": [
      0.0,
      0.0,
      0.0,
      1.0
    ]
  },
  "right_light_locator_07": {
    "p": [
      -5.432899475097656,
      -0.039265088737010956,
      3.570323944091797
    ],
    "q": [
      0.0,
      0.0,
      0.0,
      1.0
    ]
  },
  "right_light_locator_08": {
    "p": [
      -5.012643814086914,
      -0.039265088737010956,
      4.470151901245117
    ],
    "q": [
      0.0,
      0.0,
      0.0,
      1.0
    ]
  },
  "left_light_locator_01": {
    "p": [
      5.833911895751953,
      -0.039265088737010956,
      -9.92921257019043
    ],
    "q": [
      0.0,
      0.0,
      0.0,
      1.0
    ]
  },
  "left_light_locator_02": {
    "p": [
      -5.73682975769043,
      -0.039265088737010956,
      -0.7768986225128174
    ],
    "q": [
      0.0,
      0.0,
      0.0,
      1.0
    ]
  },
  "left_light_locator_03": {
    "p": [
      5.892000198364258,
      -0.039265088737010956,
      -0.014872563071548939
    ],
    "q": [
      0.0,
      0.0,
      0.0,
      1.0
    ]
  },
  "left_light_locator_04": {
    "p": [
      5.88700008392334,
      -0.039265088737010956,
      0.6988359093666077
    ],
    "q": [
      0.0,
      0.0,
      0.0,
      1.0
    ]
  },
  "left_light_locator_05": {
    "p": [
      0.06874656677246094,
      -0.039265088737010956,
      11.666773796081543
    ],
    "q": [
      0.0,
      0.0,
      0.0,
      1.0
    ]
  },
  "left_light_locator_06": {
    "p": [
      0.15757036209106445,
      -0.039265088737010956,
      -9.744786262512207
    ],
    "q": [
      0.0,
      0.0,
      0.0,
      1.0
    ]
  },
  "left_light_locator_07": {
    "p": [
      4.7118377685546875,
      -0.039265088737010956,
      12.262225151062012
    ],
    "q": [
      0.0,
      0.0,
      0.0,
      1.0
    ]
  },
  "left_light_locator_08": {
    "p": [
      5.013000011444092,
      -0.039265088737010956,
      4.470151901245117
    ],
    "q": [
      0.0,
      0.0,
      0.0,
      1.0
    ]
  },
  "explosion_1": {
    "p": [
      -4.305285930633545,
      3.6453006267547607,
      2.225649356842041
    ],
    "q": [
      0.0,
      0.0,
      0.0,
      1.0
    ]
  },
  "explosion_2": {
    "p": [
      0.8910647034645081,
      -5.883880615234375,
      -4.210155010223389
    ],
    "q": [
      0.0,
      0.0,
      0.0,
      1.0
    ]
  },
  "explosion_3": {
    "p": [
      -0.560132622718811,
      4.389058589935303,
      -8.369074821472168
    ],
    "q": [
      0.0,
      0.0,
      0.0,
      1.0
    ]
  },
  "explosion_4": {
    "p": [
      5.322780132293701,
      0.45070770382881165,
      -2.1287519931793213
    ],
    "q": [
      0.0,
      0.0,
      0.0,
      1.0
    ]
  }
}