{
  "part1": {
    "p": [
      12.304347038269043,
      1.2730374336242676,
      3.051327705383301
    ],
    "q": [
      0.0,
      1.0,
      0.0,
      4.371138828673793e-08
    ],
    "tx": [
      -2.5608136653900146,
      0.0,
      -2.238734424508948e-07,
      0.0,
      0.0,
      1.4480950832366943,
      0.0,
      0.0,
      1.2659648973567528e-07,
      0.0,
      -1.4480950832366943,
      0.0,
      12.304347038269043,
      1.2730374336242676,
      3.051327705383301,
      1.0
    ]
  },
  "part2": {
    "p": [
      12.304347038269043,
      1.2730374336242676,
      -2.96242356300354
    ],
    "q": [
      0.0,
      0.0,
      0.0,
      1.0
    ],
    "tx": [
      2.5608136653900146,
      0.0,
      0.0,
      0.0,
      0.0,
      1.4480950832366943,
      0.0,
      0.0,
      0.0,
      0.0,
      1.4480950832366943,
      0.0,
      12.304347038269043,
      1.2730374336242676,
      -2.96242356300354,
      1.0
    ]
  },
  "part4": {
    "p": [
      -13.303792953491211,
      1.2730374336242676,
      -2.96242356300354
    ],
    "q": [
      0.0,
      0.0,
      0.0,
      1.0
    ],
    "tx": [
      2.5608136653900146,
      0.0,
      0.0,
      0.0,
      0.0,
      1.4480950832366943,
      0.0,
      0.0,
      0.0,
      0.0,
      1.4480950832366943,
      0.0,
      -13.303792953491211,
      1.2730374336242676,
      -2.96242356300354,
      1.0
    ]
  },
  "part3": {
    "p": [
      -13.303792953491211,
      1.2730374336242676,
      3.051327705383301
    ],
    "q": [
      0.0,
      1.0,
      0.0,
      4.371138828673793e-08
    ],
    "tx": [
      -2.5608136653900146,
      0.0,
      -2.238734424508948e-07,
      0.0,
      0.0,
      1.4480950832366943,
      0.0,
      0.0,
      1.2659648973567528e-07,
      0.0,
      -1.4480950832366943,
      0.0,
      -13.303792953491211,
      1.2730374336242676,
      3.051327705383301,
      1.0
    ]
  },
  "part5": {
    "p": [
      4.817630767822266,
      1.2730374336242676,
      17.42159080505371
    ],
    "q": [
      0.0,
      -0.7071068286895752,
      0.0,
      0.7071067094802856
    ],
    "tx": [
      -2.359246167316087e-07,
      0.0,
      1.4480949640274048,
      0.0,
      0.0,
      1.4480950832366943,
      0.0,
      0.0,
      -2.5608134269714355,
      0.0,
      -4.172094634213863e-07,
      0.0,
      4.817630767822266,
      1.2730374336242676,
      17.42159080505371,
      1.0
    ]
  },
  "part6": {
    "p": [
      -5.817077159881592,
      1.2730374336242676,
      17.42159080505371
    ],
    "q": [
      0.0,
      0.7071068286895752,
      0.0,
      0.7071067094802856
    ],
    "tx": [
      -2.359246167316087e-07,
      0.0,
      -1.4480949640274048,
      0.0,
      0.0,
      1.4480950832366943,
      0.0,
      0.0,
      2.5608134269714355,
      0.0,
      -4.172094634213863e-07,
      0.0,
      -5.817077159881592,
      1.2730374336242676,
      17.42159080505371,
      1.0
    ]
  },
  "part7": {
    "p": [
      4.817630767822266,
      1.2730374336242676,
      -17.332691192626953
    ],
    "q": [
      0.0,
      -0.7071068286895752,
      0.0,
      0.7071067094802856
    ],
    "tx": [
      -2.359246167316087e-07,
      0.0,
      1.4480949640274048,
      0.0,
      0.0,
      1.4480950832366943,
      0.0,
      0.0,
      -2.5608134269714355,
      0.0,
      -4.172094634213863e-07,
      0.0,
      4.817630767822266,
      1.2730374336242676,
      -17.332691192626953,
      1.0
    ]
  },
  "part8": {
    "p": [
      -5.817077159881592,
      1.2730374336242676,
      -17.332691192626953
    ],
    "q": [
      0.0,
      0.7071068286895752,
      0.0,
      0.7071067094802856
    ],
    "tx": [
      -2.359246167316087e-07,
      0.0,
      -1.4480949640274048,
      0.0,
      0.0,
      1.4480950832366943,
      0.0,
      0.0,
      2.5608134269714355,
      0.0,
      -4.172094634213863e-07,
      0.0,
      -5.817077159881592,
      1.2730374336242676,
      -17.332691192626953,
      1.0
    ]
  },
  "light_locator_01": {
    "p": [
      1.984816312789917,
      5.253446578979492,
      -0.15834932029247284
    ],
    "q": [
      0.0,
      0.7071068286895752,
      0.0,
      0.7071067094802856
    ],
    "tx": [
      -2.359246167316087e-07,
      0.0,
      -1.4480949640274048,
      0.0,
      0.0,
      1.4480950832366943,
      0.0,
      0.0,
      2.5608134269714355,
      0.0,
      -4.172094634213863e-07,
      0.0,
      1.984816312789917,
      5.253446578979492,
      -0.15834932029247284,
      1.0
    ]
  },
  "light_locator_02": {
    "p": [
      -0.4686768352985382,
      1.6026484966278076,
      -22.64923095703125
    ],
    "q": [
      0.0,
      0.7071068286895752,
      0.0,
      0.7071067094802856
    ],
    "tx": [
      -2.359246167316087e-07,
      0.0,
      -1.4480949640274048,
      0.0,
      0.0,
      1.4480950832366943,
      0.0,
      0.0,
      2.5608134269714355,
      0.0,
      -4.172094634213863e-07,
      0.0,
      -0.4686768352985382,
      1.6026484966278076,
      -22.64923095703125,
      1.0
    ]
  },
  "light_locator_03": {
    "p": [
      -0.4686768352985382,
      1.6026484966278076,
      22.738767623901367
    ],
    "q": [
      0.0,
      0.7071068286895752,
      0.0,
      0.7071067094802856
    ],
    "tx": [
      -2.359246167316087e-07,
      0.0,
      -1.4480949640274048,
      0.0,
      0.0,
      1.4480950832366943,
      0.0,
      0.0,
      2.5608134269714355,
      0.0,
      -4.172094634213863e-07,
      0.0,
      -0.4686768352985382,
      1.6026484966278076,
      22.738767623901367,
      1.0
    ]
  },
  "light_locator_04": {
    "p": [
      -22.705568313598633,
      1.6026484966278076,
      0.04445207864046097
    ],
    "q": [
      0.0,
      0.7071068286895752,
      0.0,
      0.7071067094802856
    ],
    "tx": [
      -2.359246167316087e-07,
      0.0,
      -1.4480949640274048,
      0.0,
      0.0,
      1.4480950832366943,
      0.0,
      0.0,
      2.5608134269714355,
      0.0,
      -4.172094634213863e-07,
      0.0,
      -22.705568313598633,
      1.6026484966278076,
      0.04445207864046097,
      1.0
    ]
  },
  "light_locator_05": {
    "p": [
      21.706125259399414,
      1.6026484966278076,
      0.04445207864046097
    ],
    "q": [
      0.0,
      0.7071068286895752,
      0.0,
      0.7071067094802856
    ],
    "tx": [
      -2.359246167316087e-07,
      0.0,
      -1.4480949640274048,
      0.0,
      0.0,
      1.4480950832366943,
      0.0,
      0.0,
      2.5608134269714355,
      0.0,
      -4.172094634213863e-07,
      0.0,
      21.706125259399414,
      1.6026484966278076,
      0.04445207864046097,
      1.0
    ]
  }
}